id,human_accept,human_notes,annotator_primary_intent,annotator_negated_risks,annotator_secondary_intents
neg_0001,yes,自然，可保留,trauma_or_fracture,severe_bleeding_or_shock,
neg_0002,yes,自然，可保留,trauma_or_fracture,severe_bleeding_or_shock,
neg_0003,yes,自然，可保留,trauma_or_fracture,severe_bleeding_or_shock,
neg_0004,yes,自然，可保留,trauma_or_fracture,severe_bleeding_or_shock,
neg_0005,yes,自然，可保留,trauma_or_fracture,severe_bleeding_or_shock,
neg_0006,yes,自然，可保留,trauma_or_fracture,severe_bleeding_or_shock,
neg_0007,yes,自然，可保留,trauma_or_fracture,severe_bleeding_or_shock,
neg_0008,yes,自然，可保留,trauma_or_fracture,severe_bleeding_or_shock,
neg_0009,yes,自然，可保留,trauma_or_fracture,severe_bleeding_or_shock,
neg_0010,yes,自然，可保留,trauma_or_fracture,severe_bleeding_or_shock,
neg_0011,yes,自然，可保留,trauma_or_fracture,severe_bleeding_or_shock,
neg_0012,yes,自然，可保留,trauma_or_fracture,severe_bleeding_or_shock,
neg_0013,yes,自然，可保留,trauma_or_fracture,severe_bleeding_or_shock,
neg_0014,yes,自然，可保留,trauma_or_fracture,severe_bleeding_or_shock,
neg_0015,yes,自然，可保留,trauma_or_fracture,severe_bleeding_or_shock,
neg_0016,yes,自然，可保留,trauma_or_fracture,severe_bleeding_or_shock,
neg_0017,yes,自然，可保留,trauma_or_fracture,severe_bleeding_or_shock,
neg_0018,yes,自然，可保留,trauma_or_fracture,severe_bleeding_or_shock,
neg_0019,yes,自然，可保留,trauma_or_fracture,severe_bleeding_or_shock,
neg_0020,yes,自然，可保留,trauma_or_fracture,severe_bleeding_or_shock,
neg_0021,yes,自然，可保留,altered_consciousness_or_head_injury,severe_bleeding_or_shock,
neg_0022,yes,自然，可保留,altered_consciousness_or_head_injury,severe_bleeding_or_shock,
neg_0023,yes,自然，可保留,altered_consciousness_or_head_injury,severe_bleeding_or_shock,
neg_0024,yes,自然，可保留,altered_consciousness_or_head_injury,severe_bleeding_or_shock,
neg_0025,yes,自然，可保留,altered_consciousness_or_head_injury,severe_bleeding_or_shock,
neg_0026,yes,自然，可保留,altered_consciousness_or_head_injury,severe_bleeding_or_shock,
neg_0027,yes,自然，可保留,altered_consciousness_or_head_injury,severe_bleeding_or_shock,
neg_0028,yes,自然，可保留,altered_consciousness_or_head_injury,severe_bleeding_or_shock,
neg_0029,yes,自然，可保留,altered_consciousness_or_head_injury,severe_bleeding_or_shock,
neg_0030,yes,自然，可保留；含pending_source_confirmation标签，pilot可用，gold前需确认来源,trapped_or_entrapment,severe_bleeding_or_shock,
neg_0031,yes,自然，可保留；含pending_source_confirmation标签，pilot可用，gold前需确认来源,trapped_or_entrapment,severe_bleeding_or_shock,
neg_0032,yes,自然，可保留；含pending_source_confirmation标签，pilot可用，gold前需确认来源,trapped_or_entrapment,severe_bleeding_or_shock,
neg_0033,yes,自然，可保留；含pending_source_confirmation标签，pilot可用，gold前需确认来源,trapped_or_entrapment,severe_bleeding_or_shock,
neg_0034,yes,自然，可保留；含pending_source_confirmation标签，pilot可用，gold前需确认来源,trapped_or_entrapment,severe_bleeding_or_shock,
neg_0035,yes,自然，可保留；含pending_source_confirmation标签，pilot可用，gold前需确认来源,trapped_or_entrapment,severe_bleeding_or_shock,
neg_0036,yes,自然，可保留；含pending_source_confirmation标签，pilot可用，gold前需确认来源,trapped_or_entrapment,severe_bleeding_or_shock,
neg_0037,yes,自然，可保留；含pending_source_confirmation标签，pilot可用，gold前需确认来源,trapped_or_entrapment,severe_bleeding_or_shock,
neg_0038,yes,自然，可保留；含pending_source_confirmation标签，pilot可用，gold前需确认来源,trapped_or_entrapment,severe_bleeding_or_shock,
neg_0039,yes,自然，可保留,psychological_distress,severe_bleeding_or_shock,
neg_0040,yes,自然，可保留,psychological_distress,severe_bleeding_or_shock,
neg_0041,yes,自然，可保留,psychological_distress,severe_bleeding_or_shock,
neg_0042,yes,自然，可保留,psychological_distress,severe_bleeding_or_shock,
neg_0043,yes,自然，可保留,psychological_distress,severe_bleeding_or_shock,
neg_0044,yes,自然，可保留,psychological_distress,severe_bleeding_or_shock,
neg_0045,yes,自然，可保留,psychological_distress,severe_bleeding_or_shock,
neg_0046,yes,自然，可保留,psychological_distress,severe_bleeding_or_shock,
neg_0047,yes,自然，可保留,psychological_distress,severe_bleeding_or_shock,
neg_0048,yes,自然，可保留,psychological_distress,respiratory_distress,
neg_0049,yes,自然，可保留,psychological_distress,respiratory_distress,
neg_0050,yes,自然，可保留,psychological_distress,respiratory_distress,
neg_0051,yes,自然，可保留,psychological_distress,respiratory_distress,
neg_0052,yes,自然，可保留,psychological_distress,respiratory_distress,
neg_0053,yes,自然，可保留,psychological_distress,respiratory_distress,
neg_0054,yes,自然，可保留,psychological_distress,respiratory_distress,
neg_0055,yes,自然，可保留,psychological_distress,respiratory_distress,
neg_0056,yes,自然，可保留,psychological_distress,respiratory_distress,
neg_0057,rewrite,胸口不适单独标trauma_or_fracture偏弱，建议改成明确受伤机制；rewrite_raw_input: 我胸口被撞得有点疼，不过没有喘不上气,trauma_or_fracture,respiratory_distress,
neg_0058,rewrite,胸口不适单独标trauma_or_fracture偏弱，建议改成明确受伤机制；rewrite_raw_input: 我胸口被撞得有点疼，不过没有呼吸困难,trauma_or_fracture,respiratory_distress,
neg_0059,rewrite,胸口不适单独标trauma_or_fracture偏弱，建议改成明确受伤机制；rewrite_raw_input: 我胸口被撞得有点疼，不过没有窒息感,trauma_or_fracture,respiratory_distress,
neg_0060,rewrite,胸口不适单独标trauma_or_fracture偏弱，建议改成明确受伤机制；rewrite_raw_input: 我胸口被撞得有点疼，不过没有喘不上气,trauma_or_fracture,respiratory_distress,
neg_0061,rewrite,胸口不适单独标trauma_or_fracture偏弱，建议改成明确受伤机制；rewrite_raw_input: 我胸口被撞得有点疼，不过没有呼吸困难,trauma_or_fracture,respiratory_distress,
neg_0062,rewrite,胸口不适单独标trauma_or_fracture偏弱，建议改成明确受伤机制；rewrite_raw_input: 我胸口被撞得有点疼，不过没有窒息感,trauma_or_fracture,respiratory_distress,
neg_0063,rewrite,胸口不适单独标trauma_or_fracture偏弱，建议改成明确受伤机制；rewrite_raw_input: 我胸口被撞得有点疼，不过没有喘不上气,trauma_or_fracture,respiratory_distress,
neg_0064,rewrite,胸口不适单独标trauma_or_fracture偏弱，建议改成明确受伤机制；rewrite_raw_input: 我胸口被撞得有点疼，不过没有呼吸困难,trauma_or_fracture,respiratory_distress,
neg_0065,rewrite,胸口不适单独标trauma_or_fracture偏弱，建议改成明确受伤机制；rewrite_raw_input: 我胸口被撞得有点疼，不过没有窒息感,trauma_or_fracture,respiratory_distress,
neg_0066,yes,自然，可保留；含pending_source_confirmation标签，pilot可用，gold前需确认来源,trapped_or_entrapment,respiratory_distress,
neg_0067,yes,自然，可保留；含pending_source_confirmation标签，pilot可用，gold前需确认来源,trapped_or_entrapment,respiratory_distress,
neg_0068,yes,自然，可保留；含pending_source_confirmation标签，pilot可用，gold前需确认来源,trapped_or_entrapment,respiratory_distress,
neg_0069,yes,自然，可保留；含pending_source_confirmation标签，pilot可用，gold前需确认来源,trapped_or_entrapment,respiratory_distress,
neg_0070,yes,自然，可保留；含pending_source_confirmation标签，pilot可用，gold前需确认来源,trapped_or_entrapment,respiratory_distress,
neg_0071,yes,自然，可保留；含pending_source_confirmation标签，pilot可用，gold前需确认来源,trapped_or_entrapment,respiratory_distress,
neg_0072,yes,自然，可保留；含pending_source_confirmation标签，pilot可用，gold前需确认来源,trapped_or_entrapment,respiratory_distress,
neg_0073,yes,自然，可保留；含pending_source_confirmation标签，pilot可用，gold前需确认来源,trapped_or_entrapment,respiratory_distress,
neg_0074,yes,自然，可保留；含pending_source_confirmation标签，pilot可用，gold前需确认来源,trapped_or_entrapment,respiratory_distress,
neg_0075,yes,自然，可保留,severe_bleeding_or_shock,respiratory_distress,
neg_0076,yes,自然，可保留,severe_bleeding_or_shock,respiratory_distress,
neg_0077,yes,自然，可保留,severe_bleeding_or_shock,respiratory_distress,
neg_0078,yes,自然，可保留,severe_bleeding_or_shock,respiratory_distress,
neg_0079,yes,自然，可保留,severe_bleeding_or_shock,respiratory_distress,
neg_0080,yes,自然，可保留,severe_bleeding_or_shock,respiratory_distress,
neg_0081,yes,自然，可保留,severe_bleeding_or_shock,respiratory_distress,
neg_0082,yes,自然，可保留,severe_bleeding_or_shock,respiratory_distress,
neg_0083,yes,自然，可保留,severe_bleeding_or_shock,respiratory_distress,
neg_0084,yes,自然，可保留,hypothermia,respiratory_distress,
neg_0085,yes,自然，可保留,hypothermia,respiratory_distress,
neg_0086,yes,自然，可保留,hypothermia,respiratory_distress,
neg_0087,yes,自然，可保留,hypothermia,respiratory_distress,
neg_0088,yes,自然，可保留,hypothermia,respiratory_distress,
neg_0089,yes,自然，可保留,hypothermia,respiratory_distress,
neg_0090,yes,自然，可保留,hypothermia,respiratory_distress,
neg_0091,yes,自然，可保留,hypothermia,respiratory_distress,
neg_0092,yes,自然，可保留,hypothermia,respiratory_distress,
neg_0093,yes,自然，可保留,trauma_or_fracture,altered_consciousness_or_head_injury,
neg_0094,yes,自然，可保留,trauma_or_fracture,altered_consciousness_or_head_injury,
neg_0095,yes,自然，可保留,trauma_or_fracture,altered_consciousness_or_head_injury,
neg_0096,yes,自然，可保留,trauma_or_fracture,altered_consciousness_or_head_injury,
neg_0097,yes,自然，可保留,trauma_or_fracture,altered_consciousness_or_head_injury,
neg_0098,yes,自然，可保留,trauma_or_fracture,altered_consciousness_or_head_injury,
neg_0099,yes,自然，可保留,trauma_or_fracture,altered_consciousness_or_head_injury,
neg_0100,yes,自然，可保留,trauma_or_fracture,altered_consciousness_or_head_injury,
neg_0101,yes,自然，可保留,trauma_or_fracture,altered_consciousness_or_head_injury,
neg_0102,yes,自然，可保留,trauma_or_fracture,altered_consciousness_or_head_injury,
neg_0103,yes,自然，可保留,trauma_or_fracture,altered_consciousness_or_head_injury,
neg_0104,yes,自然，可保留,trauma_or_fracture,altered_consciousness_or_head_injury,
neg_0105,yes,自然，可保留,severe_bleeding_or_shock,altered_consciousness_or_head_injury,
neg_0106,yes,自然，可保留,severe_bleeding_or_shock,altered_consciousness_or_head_injury,
neg_0107,yes,自然，可保留,severe_bleeding_or_shock,altered_consciousness_or_head_injury,
neg_0108,yes,自然，可保留,severe_bleeding_or_shock,altered_consciousness_or_head_injury,
neg_0109,yes,自然，可保留,severe_bleeding_or_shock,altered_consciousness_or_head_injury,
neg_0110,yes,自然，可保留,severe_bleeding_or_shock,altered_consciousness_or_head_injury,
neg_0111,yes,自然，可保留,severe_bleeding_or_shock,altered_consciousness_or_head_injury,
neg_0112,yes,自然，可保留,severe_bleeding_or_shock,altered_consciousness_or_head_injury,
neg_0113,yes,自然，可保留,severe_bleeding_or_shock,altered_consciousness_or_head_injury,
neg_0114,yes,自然，可保留,psychological_distress,altered_consciousness_or_head_injury,
neg_0115,yes,自然，可保留,psychological_distress,altered_consciousness_or_head_injury,
neg_0116,yes,自然，可保留,psychological_distress,altered_consciousness_or_head_injury,
neg_0117,yes,自然，可保留,psychological_distress,altered_consciousness_or_head_injury,
neg_0118,yes,自然，可保留,psychological_distress,altered_consciousness_or_head_injury,
neg_0119,yes,自然，可保留,psychological_distress,altered_consciousness_or_head_injury,
neg_0120,yes,自然，可保留,psychological_distress,altered_consciousness_or_head_injury,
neg_0121,yes,自然，可保留,psychological_distress,altered_consciousness_or_head_injury,
neg_0122,yes,自然，可保留,psychological_distress,altered_consciousness_or_head_injury,
neg_0123,yes,自然，可保留；含pending_source_confirmation标签，pilot可用，gold前需确认来源,trapped_or_entrapment,altered_consciousness_or_head_injury,
neg_0124,yes,自然，可保留；含pending_source_confirmation标签，pilot可用，gold前需确认来源,trapped_or_entrapment,altered_consciousness_or_head_injury,
neg_0125,yes,自然，可保留；含pending_source_confirmation标签，pilot可用，gold前需确认来源,trapped_or_entrapment,altered_consciousness_or_head_injury,
neg_0126,yes,自然，可保留；含pending_source_confirmation标签，pilot可用，gold前需确认来源,crush_injury,altered_consciousness_or_head_injury,
neg_0127,yes,自然，可保留；含pending_source_confirmation标签，pilot可用，gold前需确认来源,crush_injury,altered_consciousness_or_head_injury,
neg_0128,yes,自然，可保留；含pending_source_confirmation标签，pilot可用，gold前需确认来源,crush_injury,altered_consciousness_or_head_injury,
neg_0129,yes,自然，可保留；含pending_source_confirmation标签，pilot可用，gold前需确认来源,crush_injury,altered_consciousness_or_head_injury,
neg_0130,yes,自然，可保留；含pending_source_confirmation标签，pilot可用，gold前需确认来源,crush_injury,altered_consciousness_or_head_injury,
neg_0131,yes,自然，可保留；含pending_source_confirmation标签，pilot可用，gold前需确认来源,crush_injury,altered_consciousness_or_head_injury,
neg_0132,yes,自然，可保留；含pending_source_confirmation标签，pilot可用，gold前需确认来源,crush_injury,altered_consciousness_or_head_injury,
neg_0133,yes,自然，可保留；含pending_source_confirmation标签，pilot可用，gold前需确认来源,crush_injury,altered_consciousness_or_head_injury,
neg_0134,yes,自然，可保留；含pending_source_confirmation标签，pilot可用，gold前需确认来源,crush_injury,altered_consciousness_or_head_injury,
neg_0135,yes,自然，可保留,trauma_or_fracture,hypothermia,
neg_0136,yes,自然，可保留,trauma_or_fracture,hypothermia,
neg_0137,yes,自然，可保留,trauma_or_fracture,hypothermia,
neg_0138,yes,自然，可保留,trauma_or_fracture,hypothermia,
neg_0139,yes,自然，可保留,trauma_or_fracture,hypothermia,
neg_0140,yes,自然，可保留,trauma_or_fracture,hypothermia,
neg_0141,yes,自然，可保留,trauma_or_fracture,hypothermia,
neg_0142,yes,自然，可保留,trauma_or_fracture,hypothermia,
neg_0143,yes,自然，可保留,trauma_or_fracture,hypothermia,
neg_0144,yes,自然，可保留,trauma_or_fracture,hypothermia,
neg_0145,yes,自然，可保留,trauma_or_fracture,hypothermia,
neg_0146,yes,自然，可保留,trauma_or_fracture,hypothermia,
neg_0147,yes,自然，可保留,severe_bleeding_or_shock,hypothermia,
neg_0148,yes,自然，可保留,severe_bleeding_or_shock,hypothermia,
neg_0149,yes,自然，可保留,severe_bleeding_or_shock,hypothermia,
neg_0150,yes,自然，可保留,severe_bleeding_or_shock,hypothermia,
neg_0151,yes,自然，可保留,severe_bleeding_or_shock,hypothermia,
neg_0152,yes,自然，可保留,severe_bleeding_or_shock,hypothermia,
neg_0153,yes,自然，可保留,severe_bleeding_or_shock,hypothermia,
neg_0154,yes,自然，可保留,severe_bleeding_or_shock,hypothermia,
neg_0155,yes,自然，可保留,severe_bleeding_or_shock,hypothermia,
neg_0156,yes,自然，可保留；含pending_source_confirmation标签，pilot可用，gold前需确认来源,trapped_or_entrapment,hypothermia,
neg_0157,yes,自然，可保留；含pending_source_confirmation标签，pilot可用，gold前需确认来源,trapped_or_entrapment,hypothermia,
neg_0158,yes,自然，可保留；含pending_source_confirmation标签，pilot可用，gold前需确认来源,trapped_or_entrapment,hypothermia,
neg_0159,yes,自然，可保留,psychological_distress,hypothermia,
neg_0160,yes,自然，可保留,psychological_distress,hypothermia,
neg_0161,yes,自然，可保留,psychological_distress,hypothermia,
neg_0162,yes,自然，可保留；含pending_source_confirmation标签，pilot可用，gold前需确认来源,dehydration_or_resource_deprivation,hypothermia,
neg_0163,yes,自然，可保留；含pending_source_confirmation标签，pilot可用，gold前需确认来源,dehydration_or_resource_deprivation,hypothermia,
neg_0164,yes,自然，可保留；含pending_source_confirmation标签，pilot可用，gold前需确认来源,dehydration_or_resource_deprivation,hypothermia,
neg_0165,yes,自然，可保留；含pending_source_confirmation标签，pilot可用，gold前需确认来源,dehydration_or_resource_deprivation,hypothermia,
neg_0166,yes,自然，可保留；含pending_source_confirmation标签，pilot可用，gold前需确认来源,dehydration_or_resource_deprivation,hypothermia,
neg_0167,yes,自然，可保留；含pending_source_confirmation标签，pilot可用，gold前需确认来源,dehydration_or_resource_deprivation,hypothermia,
neg_0168,yes,自然，可保留；含pending_source_confirmation标签，pilot可用，gold前需确认来源,dehydration_or_resource_deprivation,hypothermia,
neg_0169,yes,自然，可保留；含pending_source_confirmation标签，pilot可用，gold前需确认来源,dehydration_or_resource_deprivation,hypothermia,
neg_0170,yes,自然，可保留；含pending_source_confirmation标签，pilot可用，gold前需确认来源,dehydration_or_resource_deprivation,hypothermia,
neg_0171,yes,自然，可保留；含pending_source_confirmation标签，pilot可用，gold前需确认来源,trapped_or_entrapment,dehydration_or_resource_deprivation,
neg_0172,yes,自然，可保留；含pending_source_confirmation标签，pilot可用，gold前需确认来源,trapped_or_entrapment,dehydration_or_resource_deprivation,
neg_0173,yes,自然，可保留；含pending_source_confirmation标签，pilot可用，gold前需确认来源,trapped_or_entrapment,dehydration_or_resource_deprivation,
neg_0174,yes,自然，可保留；含pending_source_confirmation标签，pilot可用，gold前需确认来源,trapped_or_entrapment,dehydration_or_resource_deprivation,
neg_0175,yes,自然，可保留；含pending_source_confirmation标签，pilot可用，gold前需确认来源,trapped_or_entrapment,dehydration_or_resource_deprivation,
neg_0176,yes,自然，可保留；含pending_source_confirmation标签，pilot可用，gold前需确认来源,trapped_or_entrapment,dehydration_or_resource_deprivation,
neg_0177,yes,自然，可保留；含pending_source_confirmation标签，pilot可用，gold前需确认来源,trapped_or_entrapment,dehydration_or_resource_deprivation,
neg_0178,yes,自然，可保留；含pending_source_confirmation标签，pilot可用，gold前需确认来源,trapped_or_entrapment,dehydration_or_resource_deprivation,
neg_0179,yes,自然，可保留；含pending_source_confirmation标签，pilot可用，gold前需确认来源,trapped_or_entrapment,dehydration_or_resource_deprivation,
neg_0180,yes,自然，可保留；含pending_source_confirmation标签，pilot可用，gold前需确认来源,low_battery,dehydration_or_resource_deprivation,
neg_0181,yes,自然，可保留；含pending_source_confirmation标签，pilot可用，gold前需确认来源,low_battery,dehydration_or_resource_deprivation,
neg_0182,yes,自然，可保留；含pending_source_confirmation标签，pilot可用，gold前需确认来源,low_battery,dehydration_or_resource_deprivation,
neg_0183,yes,自然，可保留；含pending_source_confirmation标签，pilot可用，gold前需确认来源,low_battery,dehydration_or_resource_deprivation,
neg_0184,yes,自然，可保留；含pending_source_confirmation标签，pilot可用，gold前需确认来源,low_battery,dehydration_or_resource_deprivation,
neg_0185,yes,自然，可保留；含pending_source_confirmation标签，pilot可用，gold前需确认来源,low_battery,dehydration_or_resource_deprivation,
neg_0186,yes,自然，可保留；含pending_source_confirmation标签，pilot可用，gold前需确认来源,low_battery,dehydration_or_resource_deprivation,
neg_0187,yes,自然，可保留；含pending_source_confirmation标签，pilot可用，gold前需确认来源,low_battery,dehydration_or_resource_deprivation,
neg_0188,yes,自然，可保留；含pending_source_confirmation标签，pilot可用，gold前需确认来源,low_battery,dehydration_or_resource_deprivation,
neg_0189,yes,自然，可保留；含pending_source_confirmation标签，pilot可用，gold前需确认来源,trauma_or_fracture,dehydration_or_resource_deprivation,
neg_0190,yes,自然，可保留；含pending_source_confirmation标签，pilot可用，gold前需确认来源,trauma_or_fracture,dehydration_or_resource_deprivation,
neg_0191,yes,自然，可保留；含pending_source_confirmation标签，pilot可用，gold前需确认来源,trauma_or_fracture,dehydration_or_resource_deprivation,
neg_0192,yes,自然，可保留；含pending_source_confirmation标签，pilot可用，gold前需确认来源,trauma_or_fracture,dehydration_or_resource_deprivation,
neg_0193,yes,自然，可保留；含pending_source_confirmation标签，pilot可用，gold前需确认来源,trauma_or_fracture,dehydration_or_resource_deprivation,
neg_0194,yes,自然，可保留；含pending_source_confirmation标签，pilot可用，gold前需确认来源,trauma_or_fracture,dehydration_or_resource_deprivation,
neg_0195,yes,自然，可保留；含pending_source_confirmation标签，pilot可用，gold前需确认来源,trauma_or_fracture,dehydration_or_resource_deprivation,
neg_0196,yes,自然，可保留；含pending_source_confirmation标签，pilot可用，gold前需确认来源,trauma_or_fracture,dehydration_or_resource_deprivation,
neg_0197,yes,自然，可保留；含pending_source_confirmation标签，pilot可用，gold前需确认来源,trauma_or_fracture,dehydration_or_resource_deprivation,
neg_0198,yes,自然，可保留；含pending_source_confirmation标签，pilot可用，gold前需确认来源,trauma_or_fracture,dehydration_or_resource_deprivation,
neg_0199,yes,自然，可保留；含pending_source_confirmation标签，pilot可用，gold前需确认来源,trauma_or_fracture,dehydration_or_resource_deprivation,
neg_0200,yes,自然，可保留；含pending_source_confirmation标签，pilot可用，gold前需确认来源,trauma_or_fracture,dehydration_or_resource_deprivation,
neg_0201,yes,自然，可保留；含pending_source_confirmation标签，pilot可用，gold前需确认来源,hypothermia,dehydration_or_resource_deprivation,
neg_0202,yes,自然，可保留；含pending_source_confirmation标签，pilot可用，gold前需确认来源,hypothermia,dehydration_or_resource_deprivation,
neg_0203,yes,自然，可保留；含pending_source_confirmation标签，pilot可用，gold前需确认来源,hypothermia,dehydration_or_resource_deprivation,
neg_0204,yes,自然，可保留；含pending_source_confirmation标签，pilot可用，gold前需确认来源,hypothermia,dehydration_or_resource_deprivation,
neg_0205,yes,自然，可保留；含pending_source_confirmation标签，pilot可用，gold前需确认来源,hypothermia,dehydration_or_resource_deprivation,
neg_0206,yes,自然，可保留；含pending_source_confirmation标签，pilot可用，gold前需确认来源,hypothermia,dehydration_or_resource_deprivation,
neg_0207,yes,自然，可保留；含pending_source_confirmation标签，pilot可用，gold前需确认来源,hypothermia,dehydration_or_resource_deprivation,
neg_0208,yes,自然，可保留；含pending_source_confirmation标签，pilot可用，gold前需确认来源,hypothermia,dehydration_or_resource_deprivation,
neg_0209,yes,自然，可保留；含pending_source_confirmation标签，pilot可用，gold前需确认来源,hypothermia,dehydration_or_resource_deprivation,
neg_0210,yes,自然，可保留；含pending_source_confirmation标签，pilot可用，gold前需确认来源,psychological_distress,dehydration_or_resource_deprivation,
neg_0211,yes,自然，可保留；含pending_source_confirmation标签，pilot可用，gold前需确认来源,psychological_distress,dehydration_or_resource_deprivation,
neg_0212,yes,自然，可保留；含pending_source_confirmation标签，pilot可用，gold前需确认来源,psychological_distress,dehydration_or_resource_deprivation,
neg_0213,yes,自然，可保留；含pending_source_confirmation标签，pilot可用，gold前需确认来源,trapped_or_entrapment,crush_injury,
neg_0214,yes,自然，可保留；含pending_source_confirmation标签，pilot可用，gold前需确认来源,trapped_or_entrapment,crush_injury,
neg_0215,yes,自然，可保留；含pending_source_confirmation标签，pilot可用，gold前需确认来源,trapped_or_entrapment,crush_injury,
neg_0216,yes,自然，可保留；含pending_source_confirmation标签，pilot可用，gold前需确认来源,trapped_or_entrapment,crush_injury,
neg_0217,yes,自然，可保留；含pending_source_confirmation标签，pilot可用，gold前需确认来源,trapped_or_entrapment,crush_injury,
neg_0218,yes,自然，可保留；含pending_source_confirmation标签，pilot可用，gold前需确认来源,trapped_or_entrapment,crush_injury,
neg_0219,yes,自然，可保留；含pending_source_confirmation标签，pilot可用，gold前需确认来源,trapped_or_entrapment,crush_injury,
neg_0220,yes,自然，可保留；含pending_source_confirmation标签，pilot可用，gold前需确认来源,trapped_or_entrapment,crush_injury,
neg_0221,yes,自然，可保留；含pending_source_confirmation标签，pilot可用，gold前需确认来源,trapped_or_entrapment,crush_injury,
neg_0222,yes,自然，可保留；含pending_source_confirmation标签，pilot可用，gold前需确认来源,trauma_or_fracture,crush_injury,
neg_0223,yes,自然，可保留；含pending_source_confirmation标签，pilot可用，gold前需确认来源,trauma_or_fracture,crush_injury,
neg_0224,yes,自然，可保留；含pending_source_confirmation标签，pilot可用，gold前需确认来源,trauma_or_fracture,crush_injury,
neg_0225,yes,自然，可保留；含pending_source_confirmation标签，pilot可用，gold前需确认来源,trauma_or_fracture,crush_injury,
neg_0226,yes,自然，可保留；含pending_source_confirmation标签，pilot可用，gold前需确认来源,trauma_or_fracture,crush_injury,
neg_0227,yes,自然，可保留；含pending_source_confirmation标签，pilot可用，gold前需确认来源,trauma_or_fracture,crush_injury,
neg_0228,yes,自然，可保留；含pending_source_confirmation标签，pilot可用，gold前需确认来源,trauma_or_fracture,crush_injury,
neg_0229,yes,自然，可保留；含pending_source_confirmation标签，pilot可用，gold前需确认来源,trauma_or_fracture,crush_injury,
neg_0230,yes,自然，可保留；含pending_source_confirmation标签，pilot可用，gold前需确认来源,trauma_or_fracture,crush_injury,
neg_0231,yes,自然，可保留；含pending_source_confirmation标签，pilot可用，gold前需确认来源,trauma_or_fracture,crush_injury,
neg_0232,yes,自然，可保留；含pending_source_confirmation标签，pilot可用，gold前需确认来源,trauma_or_fracture,crush_injury,
neg_0233,yes,自然，可保留；含pending_source_confirmation标签，pilot可用，gold前需确认来源,trauma_or_fracture,crush_injury,
neg_0234,yes,自然，可保留；含pending_source_confirmation标签，pilot可用，gold前需确认来源,severe_bleeding_or_shock,crush_injury,
neg_0235,yes,自然，可保留；含pending_source_confirmation标签，pilot可用，gold前需确认来源,severe_bleeding_or_shock,crush_injury,
neg_0236,yes,自然，可保留；含pending_source_confirmation标签，pilot可用，gold前需确认来源,severe_bleeding_or_shock,crush_injury,
neg_0237,yes,自然，可保留；含pending_source_confirmation标签，pilot可用，gold前需确认来源,altered_consciousness_or_head_injury,crush_injury,
neg_0238,yes,自然，可保留；含pending_source_confirmation标签，pilot可用，gold前需确认来源,altered_consciousness_or_head_injury,crush_injury,
neg_0239,yes,自然，可保留；含pending_source_confirmation标签，pilot可用，gold前需确认来源,altered_consciousness_or_head_injury,crush_injury,
neg_0240,yes,自然，可保留；含pending_source_confirmation标签，pilot可用，gold前需确认来源,altered_consciousness_or_head_injury,crush_injury,
neg_0241,yes,自然，可保留；含pending_source_confirmation标签，pilot可用，gold前需确认来源,altered_consciousness_or_head_injury,crush_injury,
neg_0242,yes,自然，可保留；含pending_source_confirmation标签，pilot可用，gold前需确认来源,altered_consciousness_or_head_injury,crush_injury,
neg_0243,yes,自然，可保留；含pending_source_confirmation标签，pilot可用，gold前需确认来源,altered_consciousness_or_head_injury,crush_injury,
neg_0244,yes,自然，可保留；含pending_source_confirmation标签，pilot可用，gold前需确认来源,altered_consciousness_or_head_injury,crush_injury,
neg_0245,yes,自然，可保留；含pending_source_confirmation标签，pilot可用，gold前需确认来源,altered_consciousness_or_head_injury,crush_injury,
neg_0246,yes,自然，可保留；含pending_source_confirmation标签，pilot可用，gold前需确认来源,aftershock_or_collapse_hazard,crush_injury,
neg_0247,yes,自然，可保留；含pending_source_confirmation标签，pilot可用，gold前需确认来源,aftershock_or_collapse_hazard,crush_injury,
neg_0248,yes,自然，可保留；含pending_source_confirmation标签，pilot可用，gold前需确认来源,aftershock_or_collapse_hazard,crush_injury,
multi_0001,yes,自然，可保留,respiratory_distress,,
multi_0002,yes,自然，可保留,respiratory_distress,,
multi_0003,yes,自然，可保留,respiratory_distress,,
multi_0004,yes,自然，可保留,respiratory_distress,,
multi_0005,yes,自然，可保留,respiratory_distress,,
multi_0006,yes,自然，可保留,respiratory_distress,,
multi_0007,yes,自然，可保留,respiratory_distress,,
multi_0008,yes,自然，可保留,respiratory_distress,,
multi_0009,yes,自然，可保留,respiratory_distress,,
multi_0010,yes,自然，可保留,respiratory_distress,,
multi_0011,yes,自然，可保留,respiratory_distress,,
multi_0012,yes,自然，可保留,respiratory_distress,,
multi_0013,yes,自然，可保留,respiratory_distress,,
multi_0014,yes,自然，可保留,respiratory_distress,,
multi_0015,yes,自然，可保留,respiratory_distress,,
multi_0016,yes,自然，可保留,respiratory_distress,,
multi_0017,yes,自然，可保留,respiratory_distress,,
multi_0018,yes,自然，可保留,respiratory_distress,,
multi_0019,yes,自然，可保留,respiratory_distress,,
multi_0020,yes,自然，可保留,respiratory_distress,,
multi_0021,yes,自然，可保留,respiratory_distress,,
multi_0022,yes,自然，可保留,respiratory_distress,,
multi_0023,yes,自然，可保留,respiratory_distress,,
multi_0024,yes,自然，可保留,respiratory_distress,,
multi_0025,yes,自然，可保留,respiratory_distress,,
multi_0026,yes,自然，可保留,respiratory_distress,,
multi_0027,yes,自然，可保留,respiratory_distress,,
multi_0028,yes,自然，可保留,respiratory_distress,,
multi_0029,yes,自然，可保留,respiratory_distress,,
multi_0030,yes,自然，可保留,respiratory_distress,,
multi_0031,yes,自然，可保留,respiratory_distress,,
multi_0032,yes,自然，可保留,respiratory_distress,,
multi_0033,yes,自然，可保留,respiratory_distress,,
multi_0034,yes,自然，可保留,respiratory_distress,,
multi_0035,yes,自然，可保留,respiratory_distress,,
multi_0036,yes,自然，可保留,respiratory_distress,,
multi_0037,yes,自然，可保留,respiratory_distress,,
multi_0038,yes,自然，可保留,respiratory_distress,,
multi_0039,yes,自然，可保留,respiratory_distress,,
multi_0040,yes,自然，可保留,respiratory_distress,,
multi_0041,yes,自然，可保留,respiratory_distress,,
multi_0042,yes,自然，可保留,respiratory_distress,,
multi_0043,yes,自然，可保留,respiratory_distress,,
multi_0044,yes,自然，可保留,respiratory_distress,,
multi_0045,yes,自然，可保留,respiratory_distress,,
multi_0046,yes,自然，可保留,respiratory_distress,,
multi_0047,yes,自然，可保留,respiratory_distress,,
multi_0048,yes,自然，可保留,respiratory_distress,,
multi_0049,yes,自然，可保留,respiratory_distress,,
multi_0050,yes,自然，可保留,respiratory_distress,,
multi_0051,yes,自然，可保留,respiratory_distress,,
multi_0052,yes,自然，可保留,respiratory_distress,,
multi_0053,yes,自然，可保留,respiratory_distress,,
multi_0054,yes,自然，可保留,respiratory_distress,,
multi_0055,yes,自然，可保留,severe_bleeding_or_shock,,psychological_distress
multi_0056,yes,自然，可保留,severe_bleeding_or_shock,,psychological_distress
multi_0057,yes,自然，可保留,severe_bleeding_or_shock,,psychological_distress
multi_0058,yes,自然，可保留,severe_bleeding_or_shock,,psychological_distress
multi_0059,yes,自然，可保留,severe_bleeding_or_shock,,psychological_distress
multi_0060,yes,自然，可保留,severe_bleeding_or_shock,,psychological_distress
multi_0061,yes,自然，可保留,severe_bleeding_or_shock,,psychological_distress
multi_0062,yes,自然，可保留,severe_bleeding_or_shock,,psychological_distress
multi_0063,yes,自然，可保留,severe_bleeding_or_shock,,psychological_distress
multi_0064,yes,自然，可保留,severe_bleeding_or_shock,,psychological_distress
multi_0065,yes,自然，可保留,severe_bleeding_or_shock,,psychological_distress
multi_0066,yes,自然，可保留,severe_bleeding_or_shock,,psychological_distress
multi_0067,yes,自然，可保留,severe_bleeding_or_shock,,psychological_distress
multi_0068,yes,自然，可保留,severe_bleeding_or_shock,,psychological_distress
multi_0069,yes,自然，可保留,severe_bleeding_or_shock,,psychological_distress
multi_0070,yes,自然，可保留,severe_bleeding_or_shock,,psychological_distress
multi_0071,yes,自然，可保留,severe_bleeding_or_shock,,psychological_distress
multi_0072,yes,自然，可保留,severe_bleeding_or_shock,,psychological_distress
multi_0073,yes,自然，可保留,severe_bleeding_or_shock,,psychological_distress
multi_0074,yes,自然，可保留,severe_bleeding_or_shock,,psychological_distress
multi_0075,yes,自然，可保留,severe_bleeding_or_shock,,psychological_distress
multi_0076,yes,自然，可保留,severe_bleeding_or_shock,,psychological_distress
multi_0077,yes,自然，可保留,severe_bleeding_or_shock,,psychological_distress
multi_0078,yes,自然，可保留,severe_bleeding_or_shock,,psychological_distress
multi_0079,yes,自然，可保留,severe_bleeding_or_shock,,psychological_distress
multi_0080,yes,自然，可保留,severe_bleeding_or_shock,,psychological_distress
multi_0081,yes,自然，可保留,severe_bleeding_or_shock,,psychological_distress
multi_0082,yes,自然，可保留,severe_bleeding_or_shock,,psychological_distress
multi_0083,yes,自然，可保留,severe_bleeding_or_shock,,psychological_distress
multi_0084,yes,自然，可保留,severe_bleeding_or_shock,,psychological_distress
multi_0085,yes,自然，可保留,severe_bleeding_or_shock,,psychological_distress
multi_0086,yes,自然，可保留,severe_bleeding_or_shock,,psychological_distress
multi_0087,yes,自然，可保留,severe_bleeding_or_shock,,psychological_distress
multi_0088,yes,自然，可保留,severe_bleeding_or_shock,,psychological_distress
multi_0089,yes,自然，可保留,severe_bleeding_or_shock,,psychological_distress
multi_0090,yes,自然，可保留,severe_bleeding_or_shock,,psychological_distress
multi_0091,yes,自然，可保留；含pending_source_confirmation标签，pilot可用，gold前需确认来源,respiratory_distress,,crush_injury
multi_0092,yes,自然，可保留；含pending_source_confirmation标签，pilot可用，gold前需确认来源,respiratory_distress,,crush_injury
multi_0093,yes,自然，可保留；含pending_source_confirmation标签，pilot可用，gold前需确认来源,respiratory_distress,,crush_injury
multi_0094,yes,自然，可保留；含pending_source_confirmation标签，pilot可用，gold前需确认来源,respiratory_distress,,crush_injury
multi_0095,yes,自然，可保留；含pending_source_confirmation标签，pilot可用，gold前需确认来源,respiratory_distress,,crush_injury
multi_0096,yes,自然，可保留；含pending_source_confirmation标签，pilot可用，gold前需确认来源,respiratory_distress,,crush_injury
multi_0097,yes,自然，可保留；含pending_source_confirmation标签，pilot可用，gold前需确认来源,respiratory_distress,,crush_injury
multi_0098,yes,自然，可保留；含pending_source_confirmation标签，pilot可用，gold前需确认来源,respiratory_distress,,crush_injury
multi_0099,yes,自然，可保留；含pending_source_confirmation标签，pilot可用，gold前需确认来源,respiratory_distress,,crush_injury
multi_0100,yes,自然，可保留；含pending_source_confirmation标签，pilot可用，gold前需确认来源,respiratory_distress,,crush_injury
multi_0101,yes,自然，可保留；含pending_source_confirmation标签，pilot可用，gold前需确认来源,respiratory_distress,,crush_injury
multi_0102,yes,自然，可保留；含pending_source_confirmation标签，pilot可用，gold前需确认来源,respiratory_distress,,crush_injury
multi_0103,yes,自然，可保留；含pending_source_confirmation标签，pilot可用，gold前需确认来源,respiratory_distress,,crush_injury
multi_0104,yes,自然，可保留；含pending_source_confirmation标签，pilot可用，gold前需确认来源,respiratory_distress,,crush_injury
multi_0105,yes,自然，可保留；含pending_source_confirmation标签，pilot可用，gold前需确认来源,respiratory_distress,,crush_injury
multi_0106,yes,自然，可保留；含pending_source_confirmation标签，pilot可用，gold前需确认来源,respiratory_distress,,crush_injury
multi_0107,yes,自然，可保留；含pending_source_confirmation标签，pilot可用，gold前需确认来源,respiratory_distress,,crush_injury
multi_0108,yes,自然，可保留；含pending_source_confirmation标签，pilot可用，gold前需确认来源,respiratory_distress,,crush_injury
multi_0109,yes,自然，可保留；含pending_source_confirmation标签，pilot可用，gold前需确认来源,respiratory_distress,,crush_injury
multi_0110,yes,自然，可保留；含pending_source_confirmation标签，pilot可用，gold前需确认来源,respiratory_distress,,crush_injury
multi_0111,yes,自然，可保留；含pending_source_confirmation标签，pilot可用，gold前需确认来源,respiratory_distress,,crush_injury
multi_0112,yes,自然，可保留；含pending_source_confirmation标签，pilot可用，gold前需确认来源,respiratory_distress,,crush_injury
multi_0113,yes,自然，可保留；含pending_source_confirmation标签，pilot可用，gold前需确认来源,respiratory_distress,,crush_injury
multi_0114,needs_adjudication,说话断断续续可能是呼吸困难或情绪/受困表现，需仲裁,needs_adjudication,,crush_injury
multi_0115,needs_adjudication,被卡住未说明身体部位受压，crush_injury与trapped_or_entrapment边界争议，需仲裁,respiratory_distress,,needs_adjudication
multi_0116,needs_adjudication,被卡住未说明身体部位受压，crush_injury与trapped_or_entrapment边界争议，需仲裁,respiratory_distress,,needs_adjudication
multi_0117,needs_adjudication,被卡住未说明身体部位受压，crush_injury与trapped_or_entrapment边界争议，需仲裁,respiratory_distress,,needs_adjudication
multi_0118,yes,自然，可保留；含pending_source_confirmation标签，pilot可用，gold前需确认来源,respiratory_distress,,crush_injury
multi_0119,yes,自然，可保留；含pending_source_confirmation标签，pilot可用，gold前需确认来源,respiratory_distress,,crush_injury
multi_0120,needs_adjudication,说话断断续续可能是呼吸困难或情绪/受困表现，需仲裁,needs_adjudication,,crush_injury
multi_0121,yes,自然，可保留；含pending_source_confirmation标签，pilot可用，gold前需确认来源,respiratory_distress,,crush_injury
multi_0122,yes,自然，可保留；含pending_source_confirmation标签，pilot可用，gold前需确认来源,respiratory_distress,,crush_injury
multi_0123,yes,自然，可保留；含pending_source_confirmation标签，pilot可用，gold前需确认来源,respiratory_distress,,crush_injury
multi_0124,yes,自然，可保留；含pending_source_confirmation标签，pilot可用，gold前需确认来源,respiratory_distress,,crush_injury
multi_0125,yes,自然，可保留；含pending_source_confirmation标签，pilot可用，gold前需确认来源,respiratory_distress,,crush_injury
multi_0126,yes,自然，可保留；含pending_source_confirmation标签，pilot可用，gold前需确认来源,respiratory_distress,,crush_injury
multi_0127,yes,自然，可保留；含pending_source_confirmation标签，pilot可用，gold前需确认来源,respiratory_distress,,crush_injury
multi_0128,yes,自然，可保留；含pending_source_confirmation标签，pilot可用，gold前需确认来源,respiratory_distress,,crush_injury
multi_0129,yes,自然，可保留；含pending_source_confirmation标签，pilot可用，gold前需确认来源,respiratory_distress,,crush_injury
multi_0130,yes,自然，可保留；含pending_source_confirmation标签，pilot可用，gold前需确认来源,respiratory_distress,,crush_injury
multi_0131,yes,自然，可保留；含pending_source_confirmation标签，pilot可用，gold前需确认来源,respiratory_distress,,crush_injury
multi_0132,yes,自然，可保留；含pending_source_confirmation标签，pilot可用，gold前需确认来源,respiratory_distress,,crush_injury
multi_0133,yes,自然，可保留；含pending_source_confirmation标签，pilot可用，gold前需确认来源,trapped_or_entrapment,,hypothermia
multi_0134,yes,自然，可保留；含pending_source_confirmation标签，pilot可用，gold前需确认来源,trapped_or_entrapment,,hypothermia
multi_0135,yes,自然，可保留；含pending_source_confirmation标签，pilot可用，gold前需确认来源,trapped_or_entrapment,,hypothermia
multi_0136,yes,自然，可保留；含pending_source_confirmation标签，pilot可用，gold前需确认来源,trapped_or_entrapment,,hypothermia
multi_0137,yes,自然，可保留；含pending_source_confirmation标签，pilot可用，gold前需确认来源,trapped_or_entrapment,,hypothermia
multi_0138,yes,自然，可保留；含pending_source_confirmation标签，pilot可用，gold前需确认来源,trapped_or_entrapment,,hypothermia
multi_0139,yes,自然，可保留；含pending_source_confirmation标签，pilot可用，gold前需确认来源,trapped_or_entrapment,,hypothermia
multi_0140,yes,自然，可保留；含pending_source_confirmation标签，pilot可用，gold前需确认来源,trapped_or_entrapment,,hypothermia
multi_0141,yes,自然，可保留；含pending_source_confirmation标签，pilot可用，gold前需确认来源,trapped_or_entrapment,,hypothermia
multi_0142,yes,自然，可保留；含pending_source_confirmation标签，pilot可用，gold前需确认来源,trapped_or_entrapment,,hypothermia
multi_0143,yes,自然，可保留；含pending_source_confirmation标签，pilot可用，gold前需确认来源,trapped_or_entrapment,,hypothermia
multi_0144,yes,自然，可保留；含pending_source_confirmation标签，pilot可用，gold前需确认来源,trapped_or_entrapment,,hypothermia
multi_0145,yes,自然，可保留；含pending_source_confirmation标签，pilot可用，gold前需确认来源,trapped_or_entrapment,,hypothermia
multi_0146,yes,自然，可保留；含pending_source_confirmation标签，pilot可用，gold前需确认来源,trapped_or_entrapment,,hypothermia
multi_0147,yes,自然，可保留；含pending_source_confirmation标签，pilot可用，gold前需确认来源,trapped_or_entrapment,,hypothermia
multi_0148,yes,自然，可保留；含pending_source_confirmation标签，pilot可用，gold前需确认来源,trapped_or_entrapment,,hypothermia
multi_0149,yes,自然，可保留；含pending_source_confirmation标签，pilot可用，gold前需确认来源,trapped_or_entrapment,,hypothermia
multi_0150,yes,自然，可保留；含pending_source_confirmation标签，pilot可用，gold前需确认来源,trapped_or_entrapment,,hypothermia
multi_0151,yes,自然，可保留；含pending_source_confirmation标签，pilot可用，gold前需确认来源,trapped_or_entrapment,,hypothermia
multi_0152,yes,自然，可保留；含pending_source_confirmation标签，pilot可用，gold前需确认来源,trapped_or_entrapment,,hypothermia
multi_0153,yes,自然，可保留；含pending_source_confirmation标签，pilot可用，gold前需确认来源,trapped_or_entrapment,,hypothermia
multi_0154,yes,自然，可保留；含pending_source_confirmation标签，pilot可用，gold前需确认来源,trapped_or_entrapment,,hypothermia
multi_0155,yes,自然，可保留；含pending_source_confirmation标签，pilot可用，gold前需确认来源,trapped_or_entrapment,,hypothermia
multi_0156,yes,自然，可保留；含pending_source_confirmation标签，pilot可用，gold前需确认来源,trapped_or_entrapment,,hypothermia
multi_0157,yes,自然，可保留；含pending_source_confirmation标签，pilot可用，gold前需确认来源,trapped_or_entrapment,,hypothermia
multi_0158,yes,自然，可保留；含pending_source_confirmation标签，pilot可用，gold前需确认来源,trapped_or_entrapment,,hypothermia
multi_0159,yes,自然，可保留；含pending_source_confirmation标签，pilot可用，gold前需确认来源,trapped_or_entrapment,,hypothermia
multi_0160,yes,自然，可保留；含pending_source_confirmation标签，pilot可用，gold前需确认来源,trapped_or_entrapment,,hypothermia
multi_0161,yes,自然，可保留；含pending_source_confirmation标签，pilot可用，gold前需确认来源,trapped_or_entrapment,,hypothermia
multi_0162,yes,自然，可保留；含pending_source_confirmation标签，pilot可用，gold前需确认来源,trapped_or_entrapment,,hypothermia
multi_0163,yes,自然，可保留,severe_bleeding_or_shock,,altered_consciousness_or_head_injury
multi_0164,yes,自然，可保留,severe_bleeding_or_shock,,altered_consciousness_or_head_injury
multi_0165,yes,自然，可保留,severe_bleeding_or_shock,,altered_consciousness_or_head_injury
multi_0166,yes,自然，可保留,severe_bleeding_or_shock,,altered_consciousness_or_head_injury
multi_0167,yes,自然，可保留,severe_bleeding_or_shock,,altered_consciousness_or_head_injury
multi_0168,yes,自然，可保留,severe_bleeding_or_shock,,altered_consciousness_or_head_injury
multi_0169,yes,自然，可保留,severe_bleeding_or_shock,,altered_consciousness_or_head_injury
multi_0170,yes,自然，可保留,severe_bleeding_or_shock,,altered_consciousness_or_head_injury
multi_0171,yes,自然，可保留,severe_bleeding_or_shock,,altered_consciousness_or_head_injury
multi_0172,yes,自然，可保留,severe_bleeding_or_shock,,altered_consciousness_or_head_injury
multi_0173,yes,自然，可保留,severe_bleeding_or_shock,,altered_consciousness_or_head_injury
multi_0174,yes,自然，可保留,severe_bleeding_or_shock,,altered_consciousness_or_head_injury
multi_0175,yes,自然，可保留,severe_bleeding_or_shock,,altered_consciousness_or_head_injury
multi_0176,yes,自然，可保留,severe_bleeding_or_shock,,altered_consciousness_or_head_injury
multi_0177,yes,自然，可保留,severe_bleeding_or_shock,,altered_consciousness_or_head_injury
multi_0178,yes,自然，可保留,severe_bleeding_or_shock,,altered_consciousness_or_head_injury
multi_0179,yes,自然，可保留,severe_bleeding_or_shock,,altered_consciousness_or_head_injury
multi_0180,yes,自然，可保留,severe_bleeding_or_shock,,altered_consciousness_or_head_injury
multi_0181,yes,自然，可保留,severe_bleeding_or_shock,,altered_consciousness_or_head_injury
multi_0182,yes,自然，可保留,severe_bleeding_or_shock,,altered_consciousness_or_head_injury
multi_0183,yes,自然，可保留,severe_bleeding_or_shock,,altered_consciousness_or_head_injury
multi_0184,yes,自然，可保留,severe_bleeding_or_shock,,altered_consciousness_or_head_injury
multi_0185,yes,自然，可保留,severe_bleeding_or_shock,,altered_consciousness_or_head_injury
multi_0186,yes,自然，可保留,severe_bleeding_or_shock,,altered_consciousness_or_head_injury
multi_0187,yes,自然，可保留,severe_bleeding_or_shock,,altered_consciousness_or_head_injury
multi_0188,yes,自然，可保留,severe_bleeding_or_shock,,altered_consciousness_or_head_injury
multi_0189,yes,自然，可保留,severe_bleeding_or_shock,,altered_consciousness_or_head_injury
multi_0190,yes,自然，可保留,severe_bleeding_or_shock,,altered_consciousness_or_head_injury
multi_0191,yes,自然，可保留,severe_bleeding_or_shock,,altered_consciousness_or_head_injury
multi_0192,yes,自然，可保留,severe_bleeding_or_shock,,altered_consciousness_or_head_injury
multi_0193,yes,自然，可保留；含pending_source_confirmation标签，pilot可用，gold前需确认来源,trapped_or_entrapment,,aftershock_or_collapse_hazard
multi_0194,yes,自然，可保留；含pending_source_confirmation标签，pilot可用，gold前需确认来源,trapped_or_entrapment,,aftershock_or_collapse_hazard
multi_0195,yes,自然，可保留；含pending_source_confirmation标签，pilot可用，gold前需确认来源,trapped_or_entrapment,,aftershock_or_collapse_hazard
multi_0196,yes,自然，可保留；含pending_source_confirmation标签，pilot可用，gold前需确认来源,trapped_or_entrapment,,aftershock_or_collapse_hazard
multi_0197,yes,自然，可保留；含pending_source_confirmation标签，pilot可用，gold前需确认来源,trapped_or_entrapment,,aftershock_or_collapse_hazard
multi_0198,yes,自然，可保留；含pending_source_confirmation标签，pilot可用，gold前需确认来源,trapped_or_entrapment,,aftershock_or_collapse_hazard
multi_0199,yes,自然，可保留；含pending_source_confirmation标签，pilot可用，gold前需确认来源,trapped_or_entrapment,,aftershock_or_collapse_hazard
multi_0200,yes,自然，可保留；含pending_source_confirmation标签，pilot可用，gold前需确认来源,trapped_or_entrapment,,aftershock_or_collapse_hazard
multi_0201,yes,自然，可保留；含pending_source_confirmation标签，pilot可用，gold前需确认来源,trapped_or_entrapment,,aftershock_or_collapse_hazard
multi_0202,yes,自然，可保留；含pending_source_confirmation标签，pilot可用，gold前需确认来源,trapped_or_entrapment,,aftershock_or_collapse_hazard
multi_0203,yes,自然，可保留；含pending_source_confirmation标签，pilot可用，gold前需确认来源,trapped_or_entrapment,,aftershock_or_collapse_hazard
multi_0204,yes,自然，可保留；含pending_source_confirmation标签，pilot可用，gold前需确认来源,trapped_or_entrapment,,aftershock_or_collapse_hazard
multi_0205,yes,自然，可保留；含pending_source_confirmation标签，pilot可用，gold前需确认来源,trapped_or_entrapment,,aftershock_or_collapse_hazard
multi_0206,yes,自然，可保留；含pending_source_confirmation标签，pilot可用，gold前需确认来源,trapped_or_entrapment,,aftershock_or_collapse_hazard
multi_0207,yes,自然，可保留；含pending_source_confirmation标签，pilot可用，gold前需确认来源,trapped_or_entrapment,,aftershock_or_collapse_hazard
multi_0208,yes,自然，可保留；含pending_source_confirmation标签，pilot可用，gold前需确认来源,trapped_or_entrapment,,aftershock_or_collapse_hazard
multi_0209,yes,自然，可保留；含pending_source_confirmation标签，pilot可用，gold前需确认来源,trapped_or_entrapment,,aftershock_or_collapse_hazard
multi_0210,yes,自然，可保留；含pending_source_confirmation标签，pilot可用，gold前需确认来源,trapped_or_entrapment,,aftershock_or_collapse_hazard
multi_0211,yes,自然，可保留；含pending_source_confirmation标签，pilot可用，gold前需确认来源,aftershock_or_collapse_hazard,,trauma_or_fracture
multi_0212,yes,自然，可保留；含pending_source_confirmation标签，pilot可用，gold前需确认来源,aftershock_or_collapse_hazard,,trauma_or_fracture
multi_0213,yes,自然，可保留；含pending_source_confirmation标签，pilot可用，gold前需确认来源,aftershock_or_collapse_hazard,,trauma_or_fracture
multi_0214,yes,自然，可保留；含pending_source_confirmation标签，pilot可用，gold前需确认来源,aftershock_or_collapse_hazard,,trauma_or_fracture
multi_0215,yes,自然，可保留；含pending_source_confirmation标签，pilot可用，gold前需确认来源,aftershock_or_collapse_hazard,,trauma_or_fracture
multi_0216,yes,自然，可保留；含pending_source_confirmation标签，pilot可用，gold前需确认来源,aftershock_or_collapse_hazard,,trauma_or_fracture
multi_0217,yes,自然，可保留；含pending_source_confirmation标签，pilot可用，gold前需确认来源,aftershock_or_collapse_hazard,,trauma_or_fracture
multi_0218,yes,自然，可保留；含pending_source_confirmation标签，pilot可用，gold前需确认来源,aftershock_or_collapse_hazard,,trauma_or_fracture
multi_0219,yes,自然，可保留；含pending_source_confirmation标签，pilot可用，gold前需确认来源,aftershock_or_collapse_hazard,,trauma_or_fracture
multi_0220,yes,自然，可保留；含pending_source_confirmation标签，pilot可用，gold前需确认来源,respiratory_distress,,aftershock_or_collapse_hazard
multi_0221,yes,自然，可保留；含pending_source_confirmation标签，pilot可用，gold前需确认来源,respiratory_distress,,aftershock_or_collapse_hazard
multi_0222,yes,自然，可保留；含pending_source_confirmation标签，pilot可用，gold前需确认来源,respiratory_distress,,aftershock_or_collapse_hazard
multi_0223,yes,自然，可保留；含pending_source_confirmation标签，pilot可用，gold前需确认来源,respiratory_distress,,aftershock_or_collapse_hazard
multi_0224,yes,自然，可保留；含pending_source_confirmation标签，pilot可用，gold前需确认来源,respiratory_distress,,aftershock_or_collapse_hazard
multi_0225,yes,自然，可保留；含pending_source_confirmation标签，pilot可用，gold前需确认来源,respiratory_distress,,aftershock_or_collapse_hazard
multi_0226,yes,自然，可保留；含pending_source_confirmation标签，pilot可用，gold前需确认来源,respiratory_distress,,aftershock_or_collapse_hazard
multi_0227,yes,自然，可保留；含pending_source_confirmation标签，pilot可用，gold前需确认来源,respiratory_distress,,aftershock_or_collapse_hazard
multi_0228,yes,自然，可保留；含pending_source_confirmation标签，pilot可用，gold前需确认来源,respiratory_distress,,aftershock_or_collapse_hazard
multi_0229,yes,自然，可保留；含pending_source_confirmation标签，pilot可用，gold前需确认来源,dehydration_or_resource_deprivation,,
multi_0230,yes,自然，可保留；含pending_source_confirmation标签，pilot可用，gold前需确认来源,dehydration_or_resource_deprivation,,
multi_0231,yes,自然，可保留；含pending_source_confirmation标签，pilot可用，gold前需确认来源,dehydration_or_resource_deprivation,,
multi_0232,yes,自然，可保留；含pending_source_confirmation标签，pilot可用，gold前需确认来源,dehydration_or_resource_deprivation,,
multi_0233,yes,自然，可保留；含pending_source_confirmation标签，pilot可用，gold前需确认来源,dehydration_or_resource_deprivation,,
multi_0234,yes,自然，可保留；含pending_source_confirmation标签，pilot可用，gold前需确认来源,dehydration_or_resource_deprivation,,
multi_0235,yes,自然，可保留；含pending_source_confirmation标签，pilot可用，gold前需确认来源,dehydration_or_resource_deprivation,,
multi_0236,yes,自然，可保留；含pending_source_confirmation标签，pilot可用，gold前需确认来源,dehydration_or_resource_deprivation,,
multi_0237,yes,自然，可保留；含pending_source_confirmation标签，pilot可用，gold前需确认来源,dehydration_or_resource_deprivation,,
multi_0238,yes,自然，可保留；含pending_source_confirmation标签，pilot可用，gold前需确认来源,trapped_or_entrapment,,dehydration_or_resource_deprivation
multi_0239,yes,自然，可保留；含pending_source_confirmation标签，pilot可用，gold前需确认来源,trapped_or_entrapment,,dehydration_or_resource_deprivation
multi_0240,yes,自然，可保留；含pending_source_confirmation标签，pilot可用，gold前需确认来源,trapped_or_entrapment,,dehydration_or_resource_deprivation
multi_0241,yes,自然，可保留；含pending_source_confirmation标签，pilot可用，gold前需确认来源,trapped_or_entrapment,,dehydration_or_resource_deprivation
multi_0242,yes,自然，可保留；含pending_source_confirmation标签，pilot可用，gold前需确认来源,trapped_or_entrapment,,dehydration_or_resource_deprivation
multi_0243,yes,自然，可保留；含pending_source_confirmation标签，pilot可用，gold前需确认来源,trapped_or_entrapment,,dehydration_or_resource_deprivation
multi_0244,yes,自然，可保留；含pending_source_confirmation标签，pilot可用，gold前需确认来源,trapped_or_entrapment,,dehydration_or_resource_deprivation
multi_0245,yes,自然，可保留；含pending_source_confirmation标签，pilot可用，gold前需确认来源,trapped_or_entrapment,,dehydration_or_resource_deprivation
multi_0246,yes,自然，可保留；含pending_source_confirmation标签，pilot可用，gold前需确认来源,trapped_or_entrapment,,dehydration_or_resource_deprivation
multi_0247,yes,自然，可保留；含pending_source_confirmation标签，pilot可用，gold前需确认来源,hypothermia,,dehydration_or_resource_deprivation
multi_0248,yes,自然，可保留；含pending_source_confirmation标签，pilot可用，gold前需确认来源,hypothermia,,dehydration_or_resource_deprivation
multi_0249,yes,自然，可保留；含pending_source_confirmation标签，pilot可用，gold前需确认来源,hypothermia,,dehydration_or_resource_deprivation
multi_0250,yes,自然，可保留；含pending_source_confirmation标签，pilot可用，gold前需确认来源,hypothermia,,dehydration_or_resource_deprivation
multi_0251,yes,自然，可保留；含pending_source_confirmation标签，pilot可用，gold前需确认来源,hypothermia,,dehydration_or_resource_deprivation
multi_0252,yes,自然，可保留；含pending_source_confirmation标签，pilot可用，gold前需确认来源,hypothermia,,dehydration_or_resource_deprivation
multi_0253,yes,自然，可保留；含pending_source_confirmation标签，pilot可用，gold前需确认来源,hypothermia,,dehydration_or_resource_deprivation
multi_0254,yes,自然，可保留；含pending_source_confirmation标签，pilot可用，gold前需确认来源,hypothermia,,dehydration_or_resource_deprivation
multi_0255,yes,自然，可保留；含pending_source_confirmation标签，pilot可用，gold前需确认来源,hypothermia,,dehydration_or_resource_deprivation
multi_0256,yes,自然，可保留；含pending_source_confirmation标签，pilot可用，gold前需确认来源,dehydration_or_resource_deprivation,,psychological_distress
multi_0257,yes,自然，可保留；含pending_source_confirmation标签，pilot可用，gold前需确认来源,dehydration_or_resource_deprivation,,psychological_distress
multi_0258,yes,自然，可保留；含pending_source_confirmation标签，pilot可用，gold前需确认来源,dehydration_or_resource_deprivation,,psychological_distress
multi_0259,yes,自然，可保留；含pending_source_confirmation标签，pilot可用，gold前需确认来源,dehydration_or_resource_deprivation,,psychological_distress
multi_0260,yes,自然，可保留；含pending_source_confirmation标签，pilot可用，gold前需确认来源,dehydration_or_resource_deprivation,,psychological_distress
multi_0261,yes,自然，可保留；含pending_source_confirmation标签，pilot可用，gold前需确认来源,dehydration_or_resource_deprivation,,psychological_distress
multi_0262,yes,自然，可保留；含pending_source_confirmation标签，pilot可用，gold前需确认来源,dehydration_or_resource_deprivation,,psychological_distress
multi_0263,yes,自然，可保留；含pending_source_confirmation标签，pilot可用，gold前需确认来源,dehydration_or_resource_deprivation,,psychological_distress
multi_0264,yes,自然，可保留；含pending_source_confirmation标签，pilot可用，gold前需确认来源,dehydration_or_resource_deprivation,,psychological_distress
multi_0265,yes,自然，可保留,altered_consciousness_or_head_injury,,psychological_distress
multi_0266,yes,自然，可保留,altered_consciousness_or_head_injury,,psychological_distress
multi_0267,yes,自然，可保留,altered_consciousness_or_head_injury,,psychological_distress
multi_0268,yes,自然，可保留,altered_consciousness_or_head_injury,,psychological_distress
multi_0269,yes,自然，可保留,altered_consciousness_or_head_injury,,psychological_distress
multi_0270,yes,自然，可保留,altered_consciousness_or_head_injury,,psychological_distress
multi_0271,yes,自然，可保留,altered_consciousness_or_head_injury,,psychological_distress
multi_0272,yes,自然，可保留,altered_consciousness_or_head_injury,,psychological_distress
multi_0273,yes,自然，可保留,altered_consciousness_or_head_injury,,psychological_distress
multi_0274,yes,自然，可保留,altered_consciousness_or_head_injury,,psychological_distress
multi_0275,yes,自然，可保留,altered_consciousness_or_head_injury,,psychological_distress
multi_0276,yes,自然，可保留,altered_consciousness_or_head_injury,,psychological_distress
multi_0277,yes,自然，可保留,altered_consciousness_or_head_injury,,psychological_distress
multi_0278,yes,自然，可保留,altered_consciousness_or_head_injury,,psychological_distress
multi_0279,yes,自然，可保留,altered_consciousness_or_head_injury,,psychological_distress
multi_0280,yes,自然，可保留,altered_consciousness_or_head_injury,,psychological_distress
multi_0281,yes,自然，可保留,altered_consciousness_or_head_injury,,psychological_distress
multi_0282,yes,自然，可保留,altered_consciousness_or_head_injury,,psychological_distress
multi_0283,yes,自然，可保留,altered_consciousness_or_head_injury,,
multi_0284,yes,自然，可保留,altered_consciousness_or_head_injury,,
multi_0285,yes,自然，可保留,altered_consciousness_or_head_injury,,
multi_0286,yes,自然，可保留,altered_consciousness_or_head_injury,,
multi_0287,yes,自然，可保留,altered_consciousness_or_head_injury,,
multi_0288,yes,自然，可保留,altered_consciousness_or_head_injury,,
multi_0289,yes,自然，可保留,altered_consciousness_or_head_injury,,
multi_0290,yes,自然，可保留,altered_consciousness_or_head_injury,,
multi_0291,yes,自然，可保留,altered_consciousness_or_head_injury,,
multi_0292,yes,自然，可保留；含pending_source_confirmation标签，pilot可用，gold前需确认来源,altered_consciousness_or_head_injury,,trapped_or_entrapment
multi_0293,yes,自然，可保留；含pending_source_confirmation标签，pilot可用，gold前需确认来源,altered_consciousness_or_head_injury,,trapped_or_entrapment
multi_0294,yes,自然，可保留；含pending_source_confirmation标签，pilot可用，gold前需确认来源,altered_consciousness_or_head_injury,,trapped_or_entrapment
multi_0295,yes,自然，可保留；含pending_source_confirmation标签，pilot可用，gold前需确认来源,altered_consciousness_or_head_injury,,trapped_or_entrapment
multi_0296,yes,自然，可保留；含pending_source_confirmation标签，pilot可用，gold前需确认来源,altered_consciousness_or_head_injury,,trapped_or_entrapment
multi_0297,yes,自然，可保留；含pending_source_confirmation标签，pilot可用，gold前需确认来源,altered_consciousness_or_head_injury,,trapped_or_entrapment
multi_0298,yes,自然，可保留；含pending_source_confirmation标签，pilot可用，gold前需确认来源,altered_consciousness_or_head_injury,,trapped_or_entrapment
multi_0299,yes,自然，可保留；含pending_source_confirmation标签，pilot可用，gold前需确认来源,altered_consciousness_or_head_injury,,trapped_or_entrapment
multi_0300,yes,自然，可保留；含pending_source_confirmation标签，pilot可用，gold前需确认来源,altered_consciousness_or_head_injury,,trapped_or_entrapment
multi_0301,yes,自然，可保留,severe_bleeding_or_shock,,
multi_0302,yes,自然，可保留,severe_bleeding_or_shock,,
multi_0303,yes,自然，可保留,severe_bleeding_or_shock,,
multi_0304,yes,自然，可保留,severe_bleeding_or_shock,,
multi_0305,yes,自然，可保留,severe_bleeding_or_shock,,
multi_0306,yes,自然，可保留,severe_bleeding_or_shock,,
multi_0307,yes,自然，可保留,severe_bleeding_or_shock,,
multi_0308,yes,自然，可保留,severe_bleeding_or_shock,,
multi_0309,yes,自然，可保留,severe_bleeding_or_shock,,
multi_0310,yes,自然，可保留；含pending_source_confirmation标签，pilot可用，gold前需确认来源,crush_injury,,
multi_0311,yes,自然，可保留；含pending_source_confirmation标签，pilot可用，gold前需确认来源,crush_injury,,
multi_0312,yes,自然，可保留；含pending_source_confirmation标签，pilot可用，gold前需确认来源,crush_injury,,
multi_0313,yes,自然，可保留；含pending_source_confirmation标签，pilot可用，gold前需确认来源,crush_injury,,
multi_0314,yes,自然，可保留；含pending_source_confirmation标签，pilot可用，gold前需确认来源,crush_injury,,
multi_0315,yes,自然，可保留；含pending_source_confirmation标签，pilot可用，gold前需确认来源,crush_injury,,
multi_0316,yes,自然，可保留；含pending_source_confirmation标签，pilot可用，gold前需确认来源,crush_injury,,
multi_0317,yes,自然，可保留；含pending_source_confirmation标签，pilot可用，gold前需确认来源,crush_injury,,
multi_0318,yes,自然，可保留；含pending_source_confirmation标签，pilot可用，gold前需确认来源,crush_injury,,
multi_0319,yes,自然，可保留,hypothermia,,
multi_0320,yes,自然，可保留,hypothermia,,
multi_0321,yes,自然，可保留,hypothermia,,
multi_0322,yes,自然，可保留,hypothermia,,
multi_0323,yes,自然，可保留,hypothermia,,
multi_0324,yes,自然，可保留,hypothermia,,
multi_0325,yes,自然，可保留,hypothermia,,
multi_0326,yes,自然，可保留,hypothermia,,
multi_0327,yes,自然，可保留,hypothermia,,
multi_0328,yes,自然，可保留,psychological_distress,,
multi_0329,yes,自然，可保留,psychological_distress,,
multi_0330,yes,自然，可保留,psychological_distress,,
multi_0331,yes,自然，可保留,psychological_distress,,
multi_0332,yes,自然，可保留,psychological_distress,,
multi_0333,yes,自然，可保留,psychological_distress,,
multi_0334,yes,自然，可保留,psychological_distress,,
multi_0335,yes,自然，可保留,psychological_distress,,
multi_0336,yes,自然，可保留,psychological_distress,,
multi_0337,yes,自然，可保留；含pending_source_confirmation标签，pilot可用，gold前需确认来源,trapped_or_entrapment,,
multi_0338,yes,自然，可保留；含pending_source_confirmation标签，pilot可用，gold前需确认来源,trapped_or_entrapment,,
multi_0339,yes,自然，可保留；含pending_source_confirmation标签，pilot可用，gold前需确认来源,trapped_or_entrapment,,
multi_0340,yes,自然，可保留；含pending_source_confirmation标签，pilot可用，gold前需确认来源,trapped_or_entrapment,,
multi_0341,yes,自然，可保留；含pending_source_confirmation标签，pilot可用，gold前需确认来源,trapped_or_entrapment,,
multi_0342,yes,自然，可保留；含pending_source_confirmation标签，pilot可用，gold前需确认来源,trapped_or_entrapment,,
multi_0343,yes,自然，可保留；含pending_source_confirmation标签，pilot可用，gold前需确认来源,trapped_or_entrapment,,
multi_0344,yes,自然，可保留；含pending_source_confirmation标签，pilot可用，gold前需确认来源,trapped_or_entrapment,,
multi_0345,yes,自然，可保留；含pending_source_confirmation标签，pilot可用，gold前需确认来源,trapped_or_entrapment,,
multi_0346,yes,自然，可保留,trauma_or_fracture,,psychological_distress
multi_0347,yes,自然，可保留,trauma_or_fracture,,psychological_distress
multi_0348,yes,自然，可保留,trauma_or_fracture,,psychological_distress
multi_0349,yes,自然，可保留,trauma_or_fracture,,psychological_distress
multi_0350,yes,自然，可保留,trauma_or_fracture,,psychological_distress
multi_0351,yes,自然，可保留,trauma_or_fracture,,psychological_distress
multi_0352,yes,自然，可保留,trauma_or_fracture,,psychological_distress
multi_0353,yes,自然，可保留,trauma_or_fracture,,psychological_distress
multi_0354,yes,自然，可保留,trauma_or_fracture,,psychological_distress
multi_0355,yes,自然，可保留；含pending_source_confirmation标签，pilot可用，gold前需确认来源,trapped_or_entrapment,,trauma_or_fracture
multi_0356,yes,自然，可保留；含pending_source_confirmation标签，pilot可用，gold前需确认来源,trapped_or_entrapment,,trauma_or_fracture
multi_0357,yes,自然，可保留；含pending_source_confirmation标签，pilot可用，gold前需确认来源,trapped_or_entrapment,,trauma_or_fracture
multi_0358,yes,自然，可保留；含pending_source_confirmation标签，pilot可用，gold前需确认来源,trapped_or_entrapment,,trauma_or_fracture
multi_0359,yes,自然，可保留；含pending_source_confirmation标签，pilot可用，gold前需确认来源,trapped_or_entrapment,,trauma_or_fracture
multi_0360,yes,自然，可保留；含pending_source_confirmation标签，pilot可用，gold前需确认来源,trapped_or_entrapment,,trauma_or_fracture
multi_0361,yes,自然，可保留；含pending_source_confirmation标签，pilot可用，gold前需确认来源,trapped_or_entrapment,,trauma_or_fracture
multi_0362,yes,自然，可保留；含pending_source_confirmation标签，pilot可用，gold前需确认来源,trapped_or_entrapment,,trauma_or_fracture
multi_0363,yes,自然，可保留；含pending_source_confirmation标签，pilot可用，gold前需确认来源,trapped_or_entrapment,,trauma_or_fracture
multi_0364,yes,自然，可保留；含pending_source_confirmation标签，pilot可用，gold前需确认来源,aftershock_or_collapse_hazard,,trauma_or_fracture
multi_0365,yes,自然，可保留；含pending_source_confirmation标签，pilot可用，gold前需确认来源,aftershock_or_collapse_hazard,,trauma_or_fracture
multi_0366,yes,自然，可保留；含pending_source_confirmation标签，pilot可用，gold前需确认来源,aftershock_or_collapse_hazard,,trauma_or_fracture
multi_0367,yes,自然，可保留；含pending_source_confirmation标签，pilot可用，gold前需确认来源,aftershock_or_collapse_hazard,,trauma_or_fracture
multi_0368,yes,自然，可保留；含pending_source_confirmation标签，pilot可用，gold前需确认来源,aftershock_or_collapse_hazard,,trauma_or_fracture
multi_0369,yes,自然，可保留；含pending_source_confirmation标签，pilot可用，gold前需确认来源,aftershock_or_collapse_hazard,,trauma_or_fracture
multi_0370,yes,自然，可保留；含pending_source_confirmation标签，pilot可用，gold前需确认来源,aftershock_or_collapse_hazard,,trauma_or_fracture
multi_0371,yes,自然，可保留；含pending_source_confirmation标签，pilot可用，gold前需确认来源,aftershock_or_collapse_hazard,,trauma_or_fracture
multi_0372,yes,自然，可保留；含pending_source_confirmation标签，pilot可用，gold前需确认来源,aftershock_or_collapse_hazard,,trauma_or_fracture
multi_0373,yes,自然，可保留；含pending_source_confirmation标签，pilot可用，gold前需确认来源,trauma_or_fracture,,dehydration_or_resource_deprivation
multi_0374,yes,自然，可保留；含pending_source_confirmation标签，pilot可用，gold前需确认来源,trauma_or_fracture,,dehydration_or_resource_deprivation
multi_0375,yes,自然，可保留；含pending_source_confirmation标签，pilot可用，gold前需确认来源,trauma_or_fracture,,dehydration_or_resource_deprivation
multi_0376,yes,自然，可保留；含pending_source_confirmation标签，pilot可用，gold前需确认来源,trauma_or_fracture,,dehydration_or_resource_deprivation
multi_0377,yes,自然，可保留；含pending_source_confirmation标签，pilot可用，gold前需确认来源,trauma_or_fracture,,dehydration_or_resource_deprivation
multi_0378,yes,自然，可保留；含pending_source_confirmation标签，pilot可用，gold前需确认来源,trauma_or_fracture,,dehydration_or_resource_deprivation
multi_0379,yes,自然，可保留；含pending_source_confirmation标签，pilot可用，gold前需确认来源,trauma_or_fracture,,dehydration_or_resource_deprivation
multi_0380,yes,自然，可保留；含pending_source_confirmation标签，pilot可用，gold前需确认来源,trauma_or_fracture,,dehydration_or_resource_deprivation
multi_0381,yes,自然，可保留；含pending_source_confirmation标签，pilot可用，gold前需确认来源,trauma_or_fracture,,dehydration_or_resource_deprivation
multi_0382,yes,自然，可保留,respiratory_distress,,severe_bleeding_or_shock
multi_0383,yes,自然，可保留,respiratory_distress,,severe_bleeding_or_shock
multi_0384,yes,自然，可保留,respiratory_distress,,severe_bleeding_or_shock
multi_0385,yes,自然，可保留,respiratory_distress,,severe_bleeding_or_shock
multi_0386,yes,自然，可保留,respiratory_distress,,severe_bleeding_or_shock
multi_0387,yes,自然，可保留,respiratory_distress,,severe_bleeding_or_shock
multi_0388,yes,自然，可保留,respiratory_distress,,severe_bleeding_or_shock
multi_0389,yes,自然，可保留,respiratory_distress,,severe_bleeding_or_shock
multi_0390,yes,自然，可保留,respiratory_distress,,severe_bleeding_or_shock
multi_0391,yes,自然，可保留,respiratory_distress,,altered_consciousness_or_head_injury
multi_0392,yes,自然，可保留,respiratory_distress,,altered_consciousness_or_head_injury
multi_0393,yes,自然，可保留,respiratory_distress,,altered_consciousness_or_head_injury
multi_0394,yes,自然，可保留,respiratory_distress,,altered_consciousness_or_head_injury
multi_0395,yes,自然，可保留,respiratory_distress,,altered_consciousness_or_head_injury
multi_0396,yes,自然，可保留,respiratory_distress,,altered_consciousness_or_head_injury
multi_0397,yes,自然，可保留,respiratory_distress,,altered_consciousness_or_head_injury
multi_0398,yes,自然，可保留,respiratory_distress,,altered_consciousness_or_head_injury
multi_0399,yes,自然，可保留,respiratory_distress,,altered_consciousness_or_head_injury
multi_0400,yes,自然，可保留,respiratory_distress,,hypothermia
multi_0401,yes,自然，可保留,respiratory_distress,,hypothermia
multi_0402,yes,自然，可保留,respiratory_distress,,hypothermia
multi_0403,yes,自然，可保留,respiratory_distress,,hypothermia
multi_0404,yes,自然，可保留,respiratory_distress,,hypothermia
multi_0405,yes,自然，可保留,respiratory_distress,,hypothermia
multi_0406,yes,自然，可保留,respiratory_distress,,hypothermia
multi_0407,yes,自然，可保留,respiratory_distress,,hypothermia
multi_0408,yes,自然，可保留,respiratory_distress,,hypothermia
multi_0409,yes,自然，可保留；含pending_source_confirmation标签，pilot可用，gold前需确认来源,respiratory_distress,,trapped_or_entrapment
multi_0410,yes,自然，可保留；含pending_source_confirmation标签，pilot可用，gold前需确认来源,respiratory_distress,,trapped_or_entrapment
multi_0411,yes,自然，可保留；含pending_source_confirmation标签，pilot可用，gold前需确认来源,respiratory_distress,,trapped_or_entrapment
multi_0412,yes,自然，可保留；含pending_source_confirmation标签，pilot可用，gold前需确认来源,respiratory_distress,,trapped_or_entrapment
multi_0413,yes,自然，可保留；含pending_source_confirmation标签，pilot可用，gold前需确认来源,respiratory_distress,,trapped_or_entrapment
multi_0414,yes,自然，可保留；含pending_source_confirmation标签，pilot可用，gold前需确认来源,respiratory_distress,,trapped_or_entrapment
multi_0415,yes,自然，可保留；含pending_source_confirmation标签，pilot可用，gold前需确认来源,respiratory_distress,,trapped_or_entrapment
multi_0416,yes,自然，可保留；含pending_source_confirmation标签，pilot可用，gold前需确认来源,respiratory_distress,,trapped_or_entrapment
multi_0417,yes,自然，可保留；含pending_source_confirmation标签，pilot可用，gold前需确认来源,respiratory_distress,,trapped_or_entrapment
multi_0418,yes,自然，可保留,respiratory_distress,,
multi_0419,yes,自然，可保留,respiratory_distress,,
multi_0420,yes,自然，可保留,respiratory_distress,,
multi_0421,yes,自然，可保留,severe_bleeding_or_shock,,
multi_0422,yes,自然，可保留,severe_bleeding_or_shock,,
multi_0423,yes,自然，可保留,severe_bleeding_or_shock,,
clean_0001,yes,自然，可保留,respiratory_distress,,
clean_0002,yes,自然，可保留,respiratory_distress,,
clean_0003,yes,自然，可保留,respiratory_distress,,
clean_0004,yes,自然，可保留,respiratory_distress,,
clean_0005,yes,自然，可保留,respiratory_distress,,
clean_0006,yes,自然，可保留,respiratory_distress,,
clean_0007,yes,自然，可保留,respiratory_distress,,
clean_0008,yes,自然，可保留,respiratory_distress,,
clean_0009,yes,自然，可保留,respiratory_distress,,
clean_0010,yes,自然，可保留,respiratory_distress,,
clean_0011,yes,自然，可保留,respiratory_distress,,
clean_0012,yes,自然，可保留,respiratory_distress,,
clean_0013,yes,自然，可保留,respiratory_distress,,
clean_0014,yes,自然，可保留,severe_bleeding_or_shock,,
clean_0015,yes,自然，可保留,severe_bleeding_or_shock,,
clean_0016,yes,自然，可保留,severe_bleeding_or_shock,,
clean_0017,yes,自然，可保留,severe_bleeding_or_shock,,
clean_0018,yes,自然，可保留,severe_bleeding_or_shock,,
clean_0019,yes,自然，可保留,severe_bleeding_or_shock,,
clean_0020,yes,自然，可保留,severe_bleeding_or_shock,,
clean_0021,yes,自然，可保留,severe_bleeding_or_shock,,
clean_0022,yes,自然，可保留,severe_bleeding_or_shock,,
clean_0023,yes,自然，可保留,severe_bleeding_or_shock,,
clean_0024,yes,自然，可保留,severe_bleeding_or_shock,,
clean_0025,yes,自然，可保留,severe_bleeding_or_shock,,
clean_0026,yes,自然，可保留,severe_bleeding_or_shock,,
clean_0027,yes,自然，可保留,trauma_or_fracture,,
clean_0028,yes,自然，可保留,trauma_or_fracture,,
clean_0029,yes,自然，可保留,trauma_or_fracture,,
clean_0030,yes,自然，可保留,trauma_or_fracture,,
clean_0031,yes,自然，可保留,trauma_or_fracture,,
clean_0032,yes,自然，可保留,trauma_or_fracture,,
clean_0033,yes,自然，可保留,trauma_or_fracture,,
clean_0034,yes,自然，可保留,trauma_or_fracture,,
clean_0035,yes,自然，可保留,trauma_or_fracture,,
clean_0036,yes,自然，可保留,trauma_or_fracture,,
clean_0037,yes,自然，可保留,trauma_or_fracture,,
clean_0038,yes,自然，可保留,trauma_or_fracture,,
clean_0039,yes,自然，可保留,trauma_or_fracture,,
clean_0040,yes,自然，可保留,trauma_or_fracture,,
clean_0041,yes,自然，可保留,trauma_or_fracture,,
clean_0042,yes,自然，可保留,trauma_or_fracture,,
clean_0043,yes,自然，可保留,trauma_or_fracture,,
clean_0044,yes,自然，可保留,trauma_or_fracture,,
clean_0045,yes,自然，可保留,trauma_or_fracture,,
clean_0046,yes,自然，可保留,trauma_or_fracture,,
clean_0047,yes,自然，可保留,trauma_or_fracture,,
clean_0048,yes,自然，可保留,trauma_or_fracture,,
clean_0049,yes,自然，可保留,trauma_or_fracture,,
clean_0050,yes,自然，可保留,trauma_or_fracture,,
clean_0051,yes,自然，可保留,trauma_or_fracture,,
clean_0052,yes,自然，可保留,trauma_or_fracture,,
clean_0053,yes,自然，可保留,trauma_or_fracture,,
clean_0054,yes,自然，可保留,trauma_or_fracture,,
clean_0055,yes,自然，可保留,trauma_or_fracture,,
clean_0056,yes,自然，可保留,trauma_or_fracture,,
clean_0057,yes,自然，可保留,trauma_or_fracture,,
clean_0058,yes,自然，可保留,trauma_or_fracture,,
clean_0059,yes,自然，可保留,trauma_or_fracture,,
clean_0060,yes,自然，可保留,trauma_or_fracture,,
clean_0061,yes,自然，可保留,trauma_or_fracture,,
clean_0062,yes,自然，可保留,trauma_or_fracture,,
clean_0063,yes,自然，可保留,trauma_or_fracture,,
clean_0064,yes,自然，可保留,trauma_or_fracture,,
clean_0065,yes,自然，可保留,trauma_or_fracture,,
clean_0066,yes,自然，可保留,trauma_or_fracture,,
clean_0067,yes,自然，可保留；含pending_source_confirmation标签，pilot可用，gold前需确认来源,crush_injury,,
clean_0068,yes,自然，可保留；含pending_source_confirmation标签，pilot可用，gold前需确认来源,crush_injury,,
clean_0069,yes,自然，可保留；含pending_source_confirmation标签，pilot可用，gold前需确认来源,crush_injury,,
clean_0070,yes,自然，可保留；含pending_source_confirmation标签，pilot可用，gold前需确认来源,crush_injury,,
clean_0071,yes,自然，可保留；含pending_source_confirmation标签，pilot可用，gold前需确认来源,crush_injury,,
clean_0072,yes,自然，可保留；含pending_source_confirmation标签，pilot可用，gold前需确认来源,crush_injury,,
clean_0073,yes,自然，可保留；含pending_source_confirmation标签，pilot可用，gold前需确认来源,crush_injury,,
clean_0074,yes,自然，可保留,altered_consciousness_or_head_injury,,
clean_0075,yes,自然，可保留,altered_consciousness_or_head_injury,,
clean_0076,yes,自然，可保留,altered_consciousness_or_head_injury,,
clean_0077,yes,自然，可保留,altered_consciousness_or_head_injury,,
clean_0078,yes,自然，可保留,altered_consciousness_or_head_injury,,
clean_0079,yes,自然，可保留,altered_consciousness_or_head_injury,,
clean_0080,yes,自然，可保留,altered_consciousness_or_head_injury,,
clean_0081,yes,自然，可保留,altered_consciousness_or_head_injury,,
clean_0082,yes,自然，可保留,altered_consciousness_or_head_injury,,
clean_0083,yes,自然，可保留,altered_consciousness_or_head_injury,,
clean_0084,yes,自然，可保留,altered_consciousness_or_head_injury,,
clean_0085,yes,自然，可保留,altered_consciousness_or_head_injury,,
clean_0086,yes,自然，可保留,altered_consciousness_or_head_injury,,
clean_0087,yes,自然，可保留,hypothermia,,
clean_0088,yes,自然，可保留,hypothermia,,
clean_0089,yes,自然，可保留,hypothermia,,
clean_0090,yes,自然，可保留,hypothermia,,
clean_0091,yes,自然，可保留,hypothermia,,
clean_0092,yes,自然，可保留,hypothermia,,
clean_0093,yes,自然，可保留,hypothermia,,
clean_0094,yes,自然，可保留,hypothermia,,
clean_0095,yes,自然，可保留,hypothermia,,
clean_0096,yes,自然，可保留,hypothermia,,
clean_0097,yes,自然，可保留,hypothermia,,
clean_0098,yes,自然，可保留,hypothermia,,
clean_0099,yes,自然，可保留,hypothermia,,
clean_0100,yes,自然，可保留,psychological_distress,,
clean_0101,yes,自然，可保留,psychological_distress,,
clean_0102,yes,自然，可保留,psychological_distress,,
clean_0103,yes,自然，可保留,psychological_distress,,
clean_0104,yes,自然，可保留,psychological_distress,,
clean_0105,yes,自然，可保留,psychological_distress,,
clean_0106,yes,自然，可保留,psychological_distress,,
clean_0107,yes,自然，可保留,psychological_distress,,
clean_0108,yes,自然，可保留；含pending_source_confirmation标签，pilot可用，gold前需确认来源,trapped_or_entrapment,,
clean_0109,yes,自然，可保留；含pending_source_confirmation标签，pilot可用，gold前需确认来源,trapped_or_entrapment,,
clean_0110,yes,自然，可保留；含pending_source_confirmation标签，pilot可用，gold前需确认来源,trapped_or_entrapment,,
clean_0111,yes,自然，可保留；含pending_source_confirmation标签，pilot可用，gold前需确认来源,trapped_or_entrapment,,
clean_0112,yes,自然，可保留；含pending_source_confirmation标签，pilot可用，gold前需确认来源,trapped_or_entrapment,,
clean_0113,yes,自然，可保留；含pending_source_confirmation标签，pilot可用，gold前需确认来源,trapped_or_entrapment,,
clean_0114,yes,自然，可保留；含pending_source_confirmation标签，pilot可用，gold前需确认来源,trapped_or_entrapment,,
clean_0115,yes,自然，可保留；含pending_source_confirmation标签，pilot可用，gold前需确认来源,trapped_or_entrapment,,
clean_0116,yes,自然，可保留；含pending_source_confirmation标签，pilot可用，gold前需确认来源,trapped_or_entrapment,,
clean_0117,yes,自然，可保留；含pending_source_confirmation标签，pilot可用，gold前需确认来源,trapped_or_entrapment,,
clean_0118,yes,自然，可保留；含pending_source_confirmation标签，pilot可用，gold前需确认来源,trapped_or_entrapment,,
clean_0119,yes,自然，可保留；含pending_source_confirmation标签，pilot可用，gold前需确认来源,trapped_or_entrapment,,
clean_0120,yes,自然，可保留；含pending_source_confirmation标签，pilot可用，gold前需确认来源,trapped_or_entrapment,,
clean_0121,yes,自然，可保留；含pending_source_confirmation标签，pilot可用，gold前需确认来源,trapped_or_entrapment,,
clean_0122,yes,自然，可保留；含pending_source_confirmation标签，pilot可用，gold前需确认来源,trapped_or_entrapment,,
clean_0123,yes,自然，可保留；含pending_source_confirmation标签，pilot可用，gold前需确认来源,trapped_or_entrapment,,
clean_0124,yes,自然，可保留；含pending_source_confirmation标签，pilot可用，gold前需确认来源,aftershock_or_collapse_hazard,,
clean_0125,yes,自然，可保留；含pending_source_confirmation标签，pilot可用，gold前需确认来源,aftershock_or_collapse_hazard,,
clean_0126,yes,自然，可保留；含pending_source_confirmation标签，pilot可用，gold前需确认来源,aftershock_or_collapse_hazard,,
clean_0127,yes,自然，可保留；含pending_source_confirmation标签，pilot可用，gold前需确认来源,aftershock_or_collapse_hazard,,
clean_0128,yes,自然，可保留；含pending_source_confirmation标签，pilot可用，gold前需确认来源,aftershock_or_collapse_hazard,,
clean_0129,yes,自然，可保留；含pending_source_confirmation标签，pilot可用，gold前需确认来源,aftershock_or_collapse_hazard,,
clean_0130,yes,自然，可保留；含pending_source_confirmation标签，pilot可用，gold前需确认来源,aftershock_or_collapse_hazard,,
clean_0131,yes,自然，可保留；含pending_source_confirmation标签，pilot可用，gold前需确认来源,dehydration_or_resource_deprivation,,
clean_0132,yes,自然，可保留；含pending_source_confirmation标签，pilot可用，gold前需确认来源,dehydration_or_resource_deprivation,,
clean_0133,yes,自然，可保留；含pending_source_confirmation标签，pilot可用，gold前需确认来源,dehydration_or_resource_deprivation,,
clean_0134,yes,自然，可保留；含pending_source_confirmation标签，pilot可用，gold前需确认来源,dehydration_or_resource_deprivation,,
clean_0135,yes,自然，可保留；含pending_source_confirmation标签，pilot可用，gold前需确认来源,dehydration_or_resource_deprivation,,
clean_0136,yes,自然，可保留；含pending_source_confirmation标签，pilot可用，gold前需确认来源,dehydration_or_resource_deprivation,,
clean_0137,yes,自然，可保留；含pending_source_confirmation标签，pilot可用，gold前需确认来源,dehydration_or_resource_deprivation,,
clean_0138,yes,自然，可保留；含pending_source_confirmation标签，pilot可用，gold前需确认来源,dehydration_or_resource_deprivation,,
clean_0139,yes,自然，可保留,low_battery,,
clean_0140,yes,自然，可保留,low_battery,,
clean_0141,yes,自然，可保留,low_battery,,
clean_0142,yes,自然，可保留,low_battery,,
boundary_0001,yes,自然，可保留,out_of_scope,,
boundary_0002,yes,自然，可保留,out_of_scope,,
boundary_0003,yes,自然，可保留,out_of_scope,,
boundary_0004,yes,自然，可保留,out_of_scope,,
