id,human_accept,annotator_primary_intent,annotator_secondary_intents,annotator_negated_risks,annotator_operational_constraints,annotator_should_not_trigger,annotator_notes
neg_0001,yes,trauma_or_fracture,,severe_bleeding_or_shock,,prot_bleeding_control,可接受，标签清楚
neg_0002,yes,trauma_or_fracture,,severe_bleeding_or_shock,,prot_bleeding_control,可接受，标签清楚
neg_0003,yes,trauma_or_fracture,,severe_bleeding_or_shock,,prot_bleeding_control,可接受，标签清楚
neg_0004,yes,trauma_or_fracture,,severe_bleeding_or_shock,,prot_bleeding_control,可接受，标签清楚
neg_0005,yes,trauma_or_fracture,,severe_bleeding_or_shock,,prot_bleeding_control,可接受，标签清楚
neg_0006,yes,trauma_or_fracture,,severe_bleeding_or_shock,,prot_bleeding_control,可接受，标签清楚
neg_0007,yes,trauma_or_fracture,,severe_bleeding_or_shock,,prot_bleeding_control,可接受，标签清楚
neg_0008,yes,trauma_or_fracture,,severe_bleeding_or_shock,,prot_bleeding_control,可接受，标签清楚
neg_0009,yes,trauma_or_fracture,,severe_bleeding_or_shock,,prot_bleeding_control,可接受，标签清楚
neg_0010,yes,trauma_or_fracture,,severe_bleeding_or_shock,,prot_bleeding_control,可接受，标签清楚
neg_0011,yes,trauma_or_fracture,,severe_bleeding_or_shock,,prot_bleeding_control,可接受，标签清楚
neg_0012,yes,trauma_or_fracture,,severe_bleeding_or_shock,,prot_bleeding_control,可接受，标签清楚
neg_0013,yes,trauma_or_fracture,,severe_bleeding_or_shock,,prot_bleeding_control,可接受，标签清楚
neg_0014,yes,trauma_or_fracture,,severe_bleeding_or_shock,,prot_bleeding_control,可接受，标签清楚
neg_0015,yes,trauma_or_fracture,,severe_bleeding_or_shock,,prot_bleeding_control,可接受，标签清楚
neg_0016,yes,trauma_or_fracture,,severe_bleeding_or_shock,,prot_bleeding_control,可接受，标签清楚
neg_0017,yes,trauma_or_fracture,,severe_bleeding_or_shock,,prot_bleeding_control,可接受，标签清楚
neg_0018,yes,trauma_or_fracture,,severe_bleeding_or_shock,,prot_bleeding_control,可接受，标签清楚
neg_0019,yes,trauma_or_fracture,,severe_bleeding_or_shock,,prot_bleeding_control,可接受，标签清楚
neg_0020,yes,trauma_or_fracture,,severe_bleeding_or_shock,,prot_bleeding_control,可接受，标签清楚
neg_0021,yes,altered_consciousness_or_head_injury,,severe_bleeding_or_shock,,prot_bleeding_control,可接受，标签清楚
neg_0022,yes,altered_consciousness_or_head_injury,,severe_bleeding_or_shock,,prot_bleeding_control,可接受，标签清楚
neg_0023,yes,altered_consciousness_or_head_injury,,severe_bleeding_or_shock,,prot_bleeding_control,可接受，标签清楚
neg_0024,yes,altered_consciousness_or_head_injury,,severe_bleeding_or_shock,,prot_bleeding_control,可接受，标签清楚
neg_0025,yes,altered_consciousness_or_head_injury,,severe_bleeding_or_shock,,prot_bleeding_control,可接受，标签清楚
neg_0026,yes,altered_consciousness_or_head_injury,,severe_bleeding_or_shock,,prot_bleeding_control,可接受，标签清楚
neg_0027,yes,altered_consciousness_or_head_injury,,severe_bleeding_or_shock,,prot_bleeding_control,可接受，标签清楚
neg_0028,yes,altered_consciousness_or_head_injury,,severe_bleeding_or_shock,,prot_bleeding_control,可接受，标签清楚
neg_0029,yes,altered_consciousness_or_head_injury,,severe_bleeding_or_shock,,prot_bleeding_control,可接受，标签清楚
neg_0030,yes,trapped_or_entrapment,,severe_bleeding_or_shock,,prot_bleeding_control,可接受，标签清楚；含pending_source_confirmation标签，gold前需确认来源
neg_0031,yes,trapped_or_entrapment,,severe_bleeding_or_shock,,prot_bleeding_control,可接受，标签清楚；含pending_source_confirmation标签，gold前需确认来源
neg_0032,yes,trapped_or_entrapment,,severe_bleeding_or_shock,,prot_bleeding_control,可接受，标签清楚；含pending_source_confirmation标签，gold前需确认来源
neg_0033,yes,trapped_or_entrapment,,severe_bleeding_or_shock,,prot_bleeding_control,可接受，标签清楚；含pending_source_confirmation标签，gold前需确认来源
neg_0034,yes,trapped_or_entrapment,,severe_bleeding_or_shock,,prot_bleeding_control,可接受，标签清楚；含pending_source_confirmation标签，gold前需确认来源
neg_0035,yes,trapped_or_entrapment,,severe_bleeding_or_shock,,prot_bleeding_control,可接受，标签清楚；含pending_source_confirmation标签，gold前需确认来源
neg_0036,yes,trapped_or_entrapment,,severe_bleeding_or_shock,,prot_bleeding_control,可接受，标签清楚；含pending_source_confirmation标签，gold前需确认来源
neg_0037,yes,trapped_or_entrapment,,severe_bleeding_or_shock,,prot_bleeding_control,可接受，标签清楚；含pending_source_confirmation标签，gold前需确认来源
neg_0038,yes,trapped_or_entrapment,,severe_bleeding_or_shock,,prot_bleeding_control,可接受，标签清楚；含pending_source_confirmation标签，gold前需确认来源
neg_0039,yes,psychological_distress,,severe_bleeding_or_shock,,prot_bleeding_control,可接受，标签清楚
neg_0040,yes,psychological_distress,,severe_bleeding_or_shock,,prot_bleeding_control,可接受，标签清楚
neg_0041,yes,psychological_distress,,severe_bleeding_or_shock,,prot_bleeding_control,可接受，标签清楚
neg_0042,yes,psychological_distress,,severe_bleeding_or_shock,,prot_bleeding_control,可接受，标签清楚
neg_0043,yes,psychological_distress,,severe_bleeding_or_shock,,prot_bleeding_control,可接受，标签清楚
neg_0044,yes,psychological_distress,,severe_bleeding_or_shock,,prot_bleeding_control,可接受，标签清楚
neg_0045,yes,psychological_distress,,severe_bleeding_or_shock,,prot_bleeding_control,可接受，标签清楚
neg_0046,yes,psychological_distress,,severe_bleeding_or_shock,,prot_bleeding_control,可接受，标签清楚
neg_0047,yes,psychological_distress,,severe_bleeding_or_shock,,prot_bleeding_control,可接受，标签清楚
neg_0048,yes,psychological_distress,,respiratory_distress,,prot_respiratory_distress,可接受，标签清楚
neg_0049,yes,psychological_distress,,respiratory_distress,,prot_respiratory_distress,可接受，标签清楚
neg_0050,yes,psychological_distress,,respiratory_distress,,prot_respiratory_distress,可接受，标签清楚
neg_0051,yes,psychological_distress,,respiratory_distress,,prot_respiratory_distress,可接受，标签清楚
neg_0052,yes,psychological_distress,,respiratory_distress,,prot_respiratory_distress,可接受，标签清楚
neg_0053,yes,psychological_distress,,respiratory_distress,,prot_respiratory_distress,可接受，标签清楚
neg_0054,yes,psychological_distress,,respiratory_distress,,prot_respiratory_distress,可接受，标签清楚
neg_0055,yes,psychological_distress,,respiratory_distress,,prot_respiratory_distress,可接受，标签清楚
neg_0056,yes,psychological_distress,,respiratory_distress,,prot_respiratory_distress,可接受，标签清楚
neg_0057,rewrite,trauma_or_fracture,,respiratory_distress,,prot_respiratory_distress,胸口不适单独标为trauma_or_fracture偏弱，建议改写成明确受伤机制；rewrite_raw_input: 我胸口被撞得有点疼，不过没有喘不上气
neg_0058,rewrite,trauma_or_fracture,,respiratory_distress,,prot_respiratory_distress,胸口不适单独标为trauma_or_fracture偏弱，建议改写成明确受伤机制；rewrite_raw_input: 我胸口被撞得有点疼，不过没有呼吸困难
neg_0059,rewrite,trauma_or_fracture,,respiratory_distress,,prot_respiratory_distress,胸口不适单独标为trauma_or_fracture偏弱，建议改写成明确受伤机制；rewrite_raw_input: 我胸口被撞得有点疼，不过没有窒息感
neg_0060,rewrite,trauma_or_fracture,,respiratory_distress,,prot_respiratory_distress,胸口不适单独标为trauma_or_fracture偏弱，建议改写成明确受伤机制；rewrite_raw_input: 我胸口被撞得有点疼，不过没有喘不上气
neg_0061,rewrite,trauma_or_fracture,,respiratory_distress,,prot_respiratory_distress,胸口不适单独标为trauma_or_fracture偏弱，建议改写成明确受伤机制；rewrite_raw_input: 我胸口被撞得有点疼，不过没有呼吸困难
neg_0062,rewrite,trauma_or_fracture,,respiratory_distress,,prot_respiratory_distress,胸口不适单独标为trauma_or_fracture偏弱，建议改写成明确受伤机制；rewrite_raw_input: 我胸口被撞得有点疼，不过没有窒息感
neg_0063,rewrite,trauma_or_fracture,,respiratory_distress,,prot_respiratory_distress,胸口不适单独标为trauma_or_fracture偏弱，建议改写成明确受伤机制；rewrite_raw_input: 我胸口被撞得有点疼，不过没有喘不上气
neg_0064,rewrite,trauma_or_fracture,,respiratory_distress,,prot_respiratory_distress,胸口不适单独标为trauma_or_fracture偏弱，建议改写成明确受伤机制；rewrite_raw_input: 我胸口被撞得有点疼，不过没有呼吸困难
neg_0065,rewrite,trauma_or_fracture,,respiratory_distress,,prot_respiratory_distress,胸口不适单独标为trauma_or_fracture偏弱，建议改写成明确受伤机制；rewrite_raw_input: 我胸口被撞得有点疼，不过没有窒息感
neg_0066,yes,trapped_or_entrapment,,respiratory_distress,,prot_respiratory_distress,可接受，标签清楚；含pending_source_confirmation标签，gold前需确认来源
neg_0067,yes,trapped_or_entrapment,,respiratory_distress,,prot_respiratory_distress,可接受，标签清楚；含pending_source_confirmation标签，gold前需确认来源
neg_0068,yes,trapped_or_entrapment,,respiratory_distress,,prot_respiratory_distress,可接受，标签清楚；含pending_source_confirmation标签，gold前需确认来源
neg_0069,yes,trapped_or_entrapment,,respiratory_distress,,prot_respiratory_distress,可接受，标签清楚；含pending_source_confirmation标签，gold前需确认来源
neg_0070,yes,trapped_or_entrapment,,respiratory_distress,,prot_respiratory_distress,可接受，标签清楚；含pending_source_confirmation标签，gold前需确认来源
neg_0071,yes,trapped_or_entrapment,,respiratory_distress,,prot_respiratory_distress,可接受，标签清楚；含pending_source_confirmation标签，gold前需确认来源
neg_0072,yes,trapped_or_entrapment,,respiratory_distress,,prot_respiratory_distress,可接受，标签清楚；含pending_source_confirmation标签，gold前需确认来源
neg_0073,yes,trapped_or_entrapment,,respiratory_distress,,prot_respiratory_distress,可接受，标签清楚；含pending_source_confirmation标签，gold前需确认来源
neg_0074,yes,trapped_or_entrapment,,respiratory_distress,,prot_respiratory_distress,可接受，标签清楚；含pending_source_confirmation标签，gold前需确认来源
neg_0075,yes,severe_bleeding_or_shock,,respiratory_distress,,prot_respiratory_distress,可接受，标签清楚
neg_0076,yes,severe_bleeding_or_shock,,respiratory_distress,,prot_respiratory_distress,可接受，标签清楚
neg_0077,yes,severe_bleeding_or_shock,,respiratory_distress,,prot_respiratory_distress,可接受，标签清楚
neg_0078,yes,severe_bleeding_or_shock,,respiratory_distress,,prot_respiratory_distress,可接受，标签清楚
neg_0079,yes,severe_bleeding_or_shock,,respiratory_distress,,prot_respiratory_distress,可接受，标签清楚
neg_0080,yes,severe_bleeding_or_shock,,respiratory_distress,,prot_respiratory_distress,可接受，标签清楚
neg_0081,yes,severe_bleeding_or_shock,,respiratory_distress,,prot_respiratory_distress,可接受，标签清楚
neg_0082,yes,severe_bleeding_or_shock,,respiratory_distress,,prot_respiratory_distress,可接受，标签清楚
neg_0083,yes,severe_bleeding_or_shock,,respiratory_distress,,prot_respiratory_distress,可接受，标签清楚
neg_0084,yes,hypothermia,,respiratory_distress,,prot_respiratory_distress,可接受，标签清楚
neg_0085,yes,hypothermia,,respiratory_distress,,prot_respiratory_distress,可接受，标签清楚
neg_0086,yes,hypothermia,,respiratory_distress,,prot_respiratory_distress,可接受，标签清楚
neg_0087,yes,hypothermia,,respiratory_distress,,prot_respiratory_distress,可接受，标签清楚
neg_0088,yes,hypothermia,,respiratory_distress,,prot_respiratory_distress,可接受，标签清楚
neg_0089,yes,hypothermia,,respiratory_distress,,prot_respiratory_distress,可接受，标签清楚
neg_0090,yes,hypothermia,,respiratory_distress,,prot_respiratory_distress,可接受，标签清楚
neg_0091,yes,hypothermia,,respiratory_distress,,prot_respiratory_distress,可接受，标签清楚
neg_0092,yes,hypothermia,,respiratory_distress,,prot_respiratory_distress,可接受，标签清楚
neg_0093,yes,trauma_or_fracture,,altered_consciousness_or_head_injury,,prot_head_injury,可接受，标签清楚
neg_0094,yes,trauma_or_fracture,,altered_consciousness_or_head_injury,,prot_head_injury,可接受，标签清楚
neg_0095,yes,trauma_or_fracture,,altered_consciousness_or_head_injury,,prot_head_injury,可接受，标签清楚
neg_0096,yes,trauma_or_fracture,,altered_consciousness_or_head_injury,,prot_head_injury,可接受，标签清楚
neg_0097,yes,trauma_or_fracture,,altered_consciousness_or_head_injury,,prot_head_injury,可接受，标签清楚
neg_0098,yes,trauma_or_fracture,,altered_consciousness_or_head_injury,,prot_head_injury,可接受，标签清楚
neg_0099,yes,trauma_or_fracture,,altered_consciousness_or_head_injury,,prot_head_injury,可接受，标签清楚
neg_0100,yes,trauma_or_fracture,,altered_consciousness_or_head_injury,,prot_head_injury,可接受，标签清楚
neg_0101,yes,trauma_or_fracture,,altered_consciousness_or_head_injury,,prot_head_injury,可接受，标签清楚
neg_0102,yes,trauma_or_fracture,,altered_consciousness_or_head_injury,,prot_head_injury,可接受，标签清楚
neg_0103,yes,trauma_or_fracture,,altered_consciousness_or_head_injury,,prot_head_injury,可接受，标签清楚
neg_0104,yes,trauma_or_fracture,,altered_consciousness_or_head_injury,,prot_head_injury,可接受，标签清楚
neg_0105,yes,severe_bleeding_or_shock,,altered_consciousness_or_head_injury,,prot_head_injury,可接受，标签清楚
neg_0106,yes,severe_bleeding_or_shock,,altered_consciousness_or_head_injury,,prot_head_injury,可接受，标签清楚
neg_0107,yes,severe_bleeding_or_shock,,altered_consciousness_or_head_injury,,prot_head_injury,可接受，标签清楚
neg_0108,yes,severe_bleeding_or_shock,,altered_consciousness_or_head_injury,,prot_head_injury,可接受，标签清楚
neg_0109,yes,severe_bleeding_or_shock,,altered_consciousness_or_head_injury,,prot_head_injury,可接受，标签清楚
neg_0110,yes,severe_bleeding_or_shock,,altered_consciousness_or_head_injury,,prot_head_injury,可接受，标签清楚
neg_0111,yes,severe_bleeding_or_shock,,altered_consciousness_or_head_injury,,prot_head_injury,可接受，标签清楚
neg_0112,yes,severe_bleeding_or_shock,,altered_consciousness_or_head_injury,,prot_head_injury,可接受，标签清楚
neg_0113,yes,severe_bleeding_or_shock,,altered_consciousness_or_head_injury,,prot_head_injury,可接受，标签清楚
neg_0114,yes,psychological_distress,,altered_consciousness_or_head_injury,,prot_head_injury,可接受，标签清楚
neg_0115,yes,psychological_distress,,altered_consciousness_or_head_injury,,prot_head_injury,可接受，标签清楚
neg_0116,yes,psychological_distress,,altered_consciousness_or_head_injury,,prot_head_injury,可接受，标签清楚
neg_0117,yes,psychological_distress,,altered_consciousness_or_head_injury,,prot_head_injury,可接受，标签清楚
neg_0118,yes,psychological_distress,,altered_consciousness_or_head_injury,,prot_head_injury,可接受，标签清楚
neg_0119,yes,psychological_distress,,altered_consciousness_or_head_injury,,prot_head_injury,可接受，标签清楚
neg_0120,yes,psychological_distress,,altered_consciousness_or_head_injury,,prot_head_injury,可接受，标签清楚
neg_0121,yes,psychological_distress,,altered_consciousness_or_head_injury,,prot_head_injury,可接受，标签清楚
neg_0122,yes,psychological_distress,,altered_consciousness_or_head_injury,,prot_head_injury,可接受，标签清楚
neg_0123,yes,trapped_or_entrapment,,altered_consciousness_or_head_injury,,prot_head_injury,可接受，标签清楚；含pending_source_confirmation标签，gold前需确认来源
neg_0124,yes,trapped_or_entrapment,,altered_consciousness_or_head_injury,,prot_head_injury,可接受，标签清楚；含pending_source_confirmation标签，gold前需确认来源
neg_0125,yes,trapped_or_entrapment,,altered_consciousness_or_head_injury,,prot_head_injury,可接受，标签清楚；含pending_source_confirmation标签，gold前需确认来源
neg_0126,yes,crush_injury,,altered_consciousness_or_head_injury,,prot_head_injury,可接受，标签清楚；含pending_source_confirmation标签，gold前需确认来源
neg_0127,yes,crush_injury,,altered_consciousness_or_head_injury,,prot_head_injury,可接受，标签清楚；含pending_source_confirmation标签，gold前需确认来源
neg_0128,yes,crush_injury,,altered_consciousness_or_head_injury,,prot_head_injury,可接受，标签清楚；含pending_source_confirmation标签，gold前需确认来源
neg_0129,yes,crush_injury,,altered_consciousness_or_head_injury,,prot_head_injury,可接受，标签清楚；含pending_source_confirmation标签，gold前需确认来源
neg_0130,yes,crush_injury,,altered_consciousness_or_head_injury,,prot_head_injury,可接受，标签清楚；含pending_source_confirmation标签，gold前需确认来源
neg_0131,yes,crush_injury,,altered_consciousness_or_head_injury,,prot_head_injury,可接受，标签清楚；含pending_source_confirmation标签，gold前需确认来源
neg_0132,yes,crush_injury,,altered_consciousness_or_head_injury,,prot_head_injury,可接受，标签清楚；含pending_source_confirmation标签，gold前需确认来源
neg_0133,yes,crush_injury,,altered_consciousness_or_head_injury,,prot_head_injury,可接受，标签清楚；含pending_source_confirmation标签，gold前需确认来源
neg_0134,yes,crush_injury,,altered_consciousness_or_head_injury,,prot_head_injury,可接受，标签清楚；含pending_source_confirmation标签，gold前需确认来源
neg_0135,yes,trauma_or_fracture,,hypothermia,,prot_hypothermia,可接受，标签清楚
neg_0136,yes,trauma_or_fracture,,hypothermia,,prot_hypothermia,可接受，标签清楚
neg_0137,yes,trauma_or_fracture,,hypothermia,,prot_hypothermia,可接受，标签清楚
neg_0138,yes,trauma_or_fracture,,hypothermia,,prot_hypothermia,可接受，标签清楚
neg_0139,yes,trauma_or_fracture,,hypothermia,,prot_hypothermia,可接受，标签清楚
neg_0140,yes,trauma_or_fracture,,hypothermia,,prot_hypothermia,可接受，标签清楚
neg_0141,yes,trauma_or_fracture,,hypothermia,,prot_hypothermia,可接受，标签清楚
neg_0142,yes,trauma_or_fracture,,hypothermia,,prot_hypothermia,可接受，标签清楚
neg_0143,yes,trauma_or_fracture,,hypothermia,,prot_hypothermia,可接受，标签清楚
neg_0144,yes,trauma_or_fracture,,hypothermia,,prot_hypothermia,可接受，标签清楚
neg_0145,yes,trauma_or_fracture,,hypothermia,,prot_hypothermia,可接受，标签清楚
neg_0146,yes,trauma_or_fracture,,hypothermia,,prot_hypothermia,可接受，标签清楚
neg_0147,yes,severe_bleeding_or_shock,,hypothermia,,prot_hypothermia,可接受，标签清楚
neg_0148,yes,severe_bleeding_or_shock,,hypothermia,,prot_hypothermia,可接受，标签清楚
neg_0149,yes,severe_bleeding_or_shock,,hypothermia,,prot_hypothermia,可接受，标签清楚
neg_0150,yes,severe_bleeding_or_shock,,hypothermia,,prot_hypothermia,可接受，标签清楚
neg_0151,yes,severe_bleeding_or_shock,,hypothermia,,prot_hypothermia,可接受，标签清楚
neg_0152,yes,severe_bleeding_or_shock,,hypothermia,,prot_hypothermia,可接受，标签清楚
neg_0153,yes,severe_bleeding_or_shock,,hypothermia,,prot_hypothermia,可接受，标签清楚
neg_0154,yes,severe_bleeding_or_shock,,hypothermia,,prot_hypothermia,可接受，标签清楚
neg_0155,yes,severe_bleeding_or_shock,,hypothermia,,prot_hypothermia,可接受，标签清楚
neg_0156,yes,trapped_or_entrapment,,hypothermia,,prot_hypothermia,可接受，标签清楚；含pending_source_confirmation标签，gold前需确认来源
neg_0157,yes,trapped_or_entrapment,,hypothermia,,prot_hypothermia,可接受，标签清楚；含pending_source_confirmation标签，gold前需确认来源
neg_0158,yes,trapped_or_entrapment,,hypothermia,,prot_hypothermia,可接受，标签清楚；含pending_source_confirmation标签，gold前需确认来源
neg_0159,yes,psychological_distress,,hypothermia,,prot_hypothermia,可接受，标签清楚
neg_0160,yes,psychological_distress,,hypothermia,,prot_hypothermia,可接受，标签清楚
neg_0161,yes,psychological_distress,,hypothermia,,prot_hypothermia,可接受，标签清楚
neg_0162,yes,dehydration_or_resource_deprivation,,hypothermia,,prot_hypothermia,可接受，标签清楚；含pending_source_confirmation标签，gold前需确认来源
neg_0163,yes,dehydration_or_resource_deprivation,,hypothermia,,prot_hypothermia,可接受，标签清楚；含pending_source_confirmation标签，gold前需确认来源
neg_0164,yes,dehydration_or_resource_deprivation,,hypothermia,,prot_hypothermia,可接受，标签清楚；含pending_source_confirmation标签，gold前需确认来源
neg_0165,yes,dehydration_or_resource_deprivation,,hypothermia,,prot_hypothermia,可接受，标签清楚；含pending_source_confirmation标签，gold前需确认来源
neg_0166,yes,dehydration_or_resource_deprivation,,hypothermia,,prot_hypothermia,可接受，标签清楚；含pending_source_confirmation标签，gold前需确认来源
neg_0167,yes,dehydration_or_resource_deprivation,,hypothermia,,prot_hypothermia,可接受，标签清楚；含pending_source_confirmation标签，gold前需确认来源
neg_0168,yes,dehydration_or_resource_deprivation,,hypothermia,,prot_hypothermia,可接受，标签清楚；含pending_source_confirmation标签，gold前需确认来源
neg_0169,yes,dehydration_or_resource_deprivation,,hypothermia,,prot_hypothermia,可接受，标签清楚；含pending_source_confirmation标签，gold前需确认来源
neg_0170,yes,dehydration_or_resource_deprivation,,hypothermia,,prot_hypothermia,可接受，标签清楚；含pending_source_confirmation标签，gold前需确认来源
neg_0171,yes,trapped_or_entrapment,,dehydration_or_resource_deprivation,,prot_resource_deprivation,可接受，标签清楚；含pending_source_confirmation标签，gold前需确认来源
neg_0172,yes,trapped_or_entrapment,,dehydration_or_resource_deprivation,,prot_resource_deprivation,可接受，标签清楚；含pending_source_confirmation标签，gold前需确认来源
neg_0173,yes,trapped_or_entrapment,,dehydration_or_resource_deprivation,,prot_resource_deprivation,可接受，标签清楚；含pending_source_confirmation标签，gold前需确认来源
neg_0174,yes,trapped_or_entrapment,,dehydration_or_resource_deprivation,,prot_resource_deprivation,可接受，标签清楚；含pending_source_confirmation标签，gold前需确认来源
neg_0175,yes,trapped_or_entrapment,,dehydration_or_resource_deprivation,,prot_resource_deprivation,可接受，标签清楚；含pending_source_confirmation标签，gold前需确认来源
neg_0176,yes,trapped_or_entrapment,,dehydration_or_resource_deprivation,,prot_resource_deprivation,可接受，标签清楚；含pending_source_confirmation标签，gold前需确认来源
neg_0177,yes,trapped_or_entrapment,,dehydration_or_resource_deprivation,,prot_resource_deprivation,可接受，标签清楚；含pending_source_confirmation标签，gold前需确认来源
neg_0178,yes,trapped_or_entrapment,,dehydration_or_resource_deprivation,,prot_resource_deprivation,可接受，标签清楚；含pending_source_confirmation标签，gold前需确认来源
neg_0179,yes,trapped_or_entrapment,,dehydration_or_resource_deprivation,,prot_resource_deprivation,可接受，标签清楚；含pending_source_confirmation标签，gold前需确认来源
neg_0180,yes,low_battery,,dehydration_or_resource_deprivation,low_battery,prot_resource_deprivation,可接受，标签清楚；含pending_source_confirmation标签，gold前需确认来源
neg_0181,yes,low_battery,,dehydration_or_resource_deprivation,low_battery,prot_resource_deprivation,可接受，标签清楚；含pending_source_confirmation标签，gold前需确认来源
neg_0182,yes,low_battery,,dehydration_or_resource_deprivation,low_battery,prot_resource_deprivation,可接受，标签清楚；含pending_source_confirmation标签，gold前需确认来源
neg_0183,yes,low_battery,,dehydration_or_resource_deprivation,low_battery,prot_resource_deprivation,可接受，标签清楚；含pending_source_confirmation标签，gold前需确认来源
neg_0184,yes,low_battery,,dehydration_or_resource_deprivation,low_battery,prot_resource_deprivation,可接受，标签清楚；含pending_source_confirmation标签，gold前需确认来源
neg_0185,yes,low_battery,,dehydration_or_resource_deprivation,low_battery,prot_resource_deprivation,可接受，标签清楚；含pending_source_confirmation标签，gold前需确认来源
neg_0186,yes,low_battery,,dehydration_or_resource_deprivation,low_battery,prot_resource_deprivation,可接受，标签清楚；含pending_source_confirmation标签，gold前需确认来源
neg_0187,yes,low_battery,,dehydration_or_resource_deprivation,low_battery,prot_resource_deprivation,可接受，标签清楚；含pending_source_confirmation标签，gold前需确认来源
neg_0188,yes,low_battery,,dehydration_or_resource_deprivation,low_battery,prot_resource_deprivation,可接受，标签清楚；含pending_source_confirmation标签，gold前需确认来源
neg_0189,yes,trauma_or_fracture,,dehydration_or_resource_deprivation,,prot_resource_deprivation,可接受，标签清楚；含pending_source_confirmation标签，gold前需确认来源
neg_0190,yes,trauma_or_fracture,,dehydration_or_resource_deprivation,,prot_resource_deprivation,可接受，标签清楚；含pending_source_confirmation标签，gold前需确认来源
neg_0191,yes,trauma_or_fracture,,dehydration_or_resource_deprivation,,prot_resource_deprivation,可接受，标签清楚；含pending_source_confirmation标签，gold前需确认来源
neg_0192,yes,trauma_or_fracture,,dehydration_or_resource_deprivation,,prot_resource_deprivation,可接受，标签清楚；含pending_source_confirmation标签，gold前需确认来源
neg_0193,yes,trauma_or_fracture,,dehydration_or_resource_deprivation,,prot_resource_deprivation,可接受，标签清楚；含pending_source_confirmation标签，gold前需确认来源
neg_0194,yes,trauma_or_fracture,,dehydration_or_resource_deprivation,,prot_resource_deprivation,可接受，标签清楚；含pending_source_confirmation标签，gold前需确认来源
neg_0195,yes,trauma_or_fracture,,dehydration_or_resource_deprivation,,prot_resource_deprivation,可接受，标签清楚；含pending_source_confirmation标签，gold前需确认来源
neg_0196,yes,trauma_or_fracture,,dehydration_or_resource_deprivation,,prot_resource_deprivation,可接受，标签清楚；含pending_source_confirmation标签，gold前需确认来源
neg_0197,yes,trauma_or_fracture,,dehydration_or_resource_deprivation,,prot_resource_deprivation,可接受，标签清楚；含pending_source_confirmation标签，gold前需确认来源
neg_0198,yes,trauma_or_fracture,,dehydration_or_resource_deprivation,,prot_resource_deprivation,可接受，标签清楚；含pending_source_confirmation标签，gold前需确认来源
neg_0199,yes,trauma_or_fracture,,dehydration_or_resource_deprivation,,prot_resource_deprivation,可接受，标签清楚；含pending_source_confirmation标签，gold前需确认来源
neg_0200,yes,trauma_or_fracture,,dehydration_or_resource_deprivation,,prot_resource_deprivation,可接受，标签清楚；含pending_source_confirmation标签，gold前需确认来源
neg_0201,yes,hypothermia,,dehydration_or_resource_deprivation,,prot_resource_deprivation,可接受，标签清楚；含pending_source_confirmation标签，gold前需确认来源
neg_0202,yes,hypothermia,,dehydration_or_resource_deprivation,,prot_resource_deprivation,可接受，标签清楚；含pending_source_confirmation标签，gold前需确认来源
neg_0203,yes,hypothermia,,dehydration_or_resource_deprivation,,prot_resource_deprivation,可接受，标签清楚；含pending_source_confirmation标签，gold前需确认来源
neg_0204,yes,hypothermia,,dehydration_or_resource_deprivation,,prot_resource_deprivation,可接受，标签清楚；含pending_source_confirmation标签，gold前需确认来源
neg_0205,yes,hypothermia,,dehydration_or_resource_deprivation,,prot_resource_deprivation,可接受，标签清楚；含pending_source_confirmation标签，gold前需确认来源
neg_0206,yes,hypothermia,,dehydration_or_resource_deprivation,,prot_resource_deprivation,可接受，标签清楚；含pending_source_confirmation标签，gold前需确认来源
neg_0207,yes,hypothermia,,dehydration_or_resource_deprivation,,prot_resource_deprivation,可接受，标签清楚；含pending_source_confirmation标签，gold前需确认来源
neg_0208,yes,hypothermia,,dehydration_or_resource_deprivation,,prot_resource_deprivation,可接受，标签清楚；含pending_source_confirmation标签，gold前需确认来源
neg_0209,yes,hypothermia,,dehydration_or_resource_deprivation,,prot_resource_deprivation,可接受，标签清楚；含pending_source_confirmation标签，gold前需确认来源
neg_0210,yes,psychological_distress,,dehydration_or_resource_deprivation,,prot_resource_deprivation,可接受，标签清楚；含pending_source_confirmation标签，gold前需确认来源
neg_0211,yes,psychological_distress,,dehydration_or_resource_deprivation,,prot_resource_deprivation,可接受，标签清楚；含pending_source_confirmation标签，gold前需确认来源
neg_0212,yes,psychological_distress,,dehydration_or_resource_deprivation,,prot_resource_deprivation,可接受，标签清楚；含pending_source_confirmation标签，gold前需确认来源
neg_0213,yes,trapped_or_entrapment,,crush_injury,,prot_crush_injury,可接受，标签清楚；含pending_source_confirmation标签，gold前需确认来源
neg_0214,yes,trapped_or_entrapment,,crush_injury,,prot_crush_injury,可接受，标签清楚；含pending_source_confirmation标签，gold前需确认来源
neg_0215,yes,trapped_or_entrapment,,crush_injury,,prot_crush_injury,可接受，标签清楚；含pending_source_confirmation标签，gold前需确认来源
neg_0216,yes,trapped_or_entrapment,,crush_injury,,prot_crush_injury,可接受，标签清楚；含pending_source_confirmation标签，gold前需确认来源
neg_0217,yes,trapped_or_entrapment,,crush_injury,,prot_crush_injury,可接受，标签清楚；含pending_source_confirmation标签，gold前需确认来源
neg_0218,yes,trapped_or_entrapment,,crush_injury,,prot_crush_injury,可接受，标签清楚；含pending_source_confirmation标签，gold前需确认来源
neg_0219,yes,trapped_or_entrapment,,crush_injury,,prot_crush_injury,可接受，标签清楚；含pending_source_confirmation标签，gold前需确认来源
neg_0220,yes,trapped_or_entrapment,,crush_injury,,prot_crush_injury,可接受，标签清楚；含pending_source_confirmation标签，gold前需确认来源
neg_0221,yes,trapped_or_entrapment,,crush_injury,,prot_crush_injury,可接受，标签清楚；含pending_source_confirmation标签，gold前需确认来源
neg_0222,yes,trauma_or_fracture,,crush_injury,,prot_crush_injury,可接受，标签清楚；含pending_source_confirmation标签，gold前需确认来源
neg_0223,yes,trauma_or_fracture,,crush_injury,,prot_crush_injury,可接受，标签清楚；含pending_source_confirmation标签，gold前需确认来源
neg_0224,yes,trauma_or_fracture,,crush_injury,,prot_crush_injury,可接受，标签清楚；含pending_source_confirmation标签，gold前需确认来源
neg_0225,yes,trauma_or_fracture,,crush_injury,,prot_crush_injury,可接受，标签清楚；含pending_source_confirmation标签，gold前需确认来源
neg_0226,yes,trauma_or_fracture,,crush_injury,,prot_crush_injury,可接受，标签清楚；含pending_source_confirmation标签，gold前需确认来源
neg_0227,yes,trauma_or_fracture,,crush_injury,,prot_crush_injury,可接受，标签清楚；含pending_source_confirmation标签，gold前需确认来源
neg_0228,yes,trauma_or_fracture,,crush_injury,,prot_crush_injury,可接受，标签清楚；含pending_source_confirmation标签，gold前需确认来源
neg_0229,yes,trauma_or_fracture,,crush_injury,,prot_crush_injury,可接受，标签清楚；含pending_source_confirmation标签，gold前需确认来源
neg_0230,yes,trauma_or_fracture,,crush_injury,,prot_crush_injury,可接受，标签清楚；含pending_source_confirmation标签，gold前需确认来源
neg_0231,yes,trauma_or_fracture,,crush_injury,,prot_crush_injury,可接受，标签清楚；含pending_source_confirmation标签，gold前需确认来源
neg_0232,yes,trauma_or_fracture,,crush_injury,,prot_crush_injury,可接受，标签清楚；含pending_source_confirmation标签，gold前需确认来源
neg_0233,yes,trauma_or_fracture,,crush_injury,,prot_crush_injury,可接受，标签清楚；含pending_source_confirmation标签，gold前需确认来源
neg_0234,yes,severe_bleeding_or_shock,,crush_injury,,prot_crush_injury,可接受，标签清楚；含pending_source_confirmation标签，gold前需确认来源
neg_0235,yes,severe_bleeding_or_shock,,crush_injury,,prot_crush_injury,可接受，标签清楚；含pending_source_confirmation标签，gold前需确认来源
neg_0236,yes,severe_bleeding_or_shock,,crush_injury,,prot_crush_injury,可接受，标签清楚；含pending_source_confirmation标签，gold前需确认来源
neg_0237,yes,altered_consciousness_or_head_injury,,crush_injury,,prot_crush_injury,可接受，标签清楚；含pending_source_confirmation标签，gold前需确认来源
neg_0238,yes,altered_consciousness_or_head_injury,,crush_injury,,prot_crush_injury,可接受，标签清楚；含pending_source_confirmation标签，gold前需确认来源
neg_0239,yes,altered_consciousness_or_head_injury,,crush_injury,,prot_crush_injury,可接受，标签清楚；含pending_source_confirmation标签，gold前需确认来源
neg_0240,yes,altered_consciousness_or_head_injury,,crush_injury,,prot_crush_injury,可接受，标签清楚；含pending_source_confirmation标签，gold前需确认来源
neg_0241,yes,altered_consciousness_or_head_injury,,crush_injury,,prot_crush_injury,可接受，标签清楚；含pending_source_confirmation标签，gold前需确认来源
neg_0242,yes,altered_consciousness_or_head_injury,,crush_injury,,prot_crush_injury,可接受，标签清楚；含pending_source_confirmation标签，gold前需确认来源
neg_0243,yes,altered_consciousness_or_head_injury,,crush_injury,,prot_crush_injury,可接受，标签清楚；含pending_source_confirmation标签，gold前需确认来源
neg_0244,yes,altered_consciousness_or_head_injury,,crush_injury,,prot_crush_injury,可接受，标签清楚；含pending_source_confirmation标签，gold前需确认来源
neg_0245,yes,altered_consciousness_or_head_injury,,crush_injury,,prot_crush_injury,可接受，标签清楚；含pending_source_confirmation标签，gold前需确认来源
neg_0246,yes,aftershock_or_collapse_hazard,,crush_injury,,prot_crush_injury,可接受，标签清楚；含pending_source_confirmation标签，gold前需确认来源
neg_0247,yes,aftershock_or_collapse_hazard,,crush_injury,,prot_crush_injury,可接受，标签清楚；含pending_source_confirmation标签，gold前需确认来源
neg_0248,yes,aftershock_or_collapse_hazard,,crush_injury,,prot_crush_injury,可接受，标签清楚；含pending_source_confirmation标签，gold前需确认来源
multi_0001,yes,respiratory_distress,,,low_battery,,可接受，标签清楚
multi_0002,yes,respiratory_distress,,,low_battery,,可接受，标签清楚
multi_0003,yes,respiratory_distress,,,low_battery,,可接受，标签清楚
multi_0004,yes,respiratory_distress,,,low_battery,,可接受，标签清楚
multi_0005,yes,respiratory_distress,,,low_battery,,可接受，标签清楚
multi_0006,yes,respiratory_distress,,,low_battery,,可接受，标签清楚
multi_0007,yes,respiratory_distress,,,low_battery,,可接受，标签清楚
multi_0008,yes,respiratory_distress,,,low_battery,,可接受，标签清楚
multi_0009,yes,respiratory_distress,,,low_battery,,可接受，标签清楚
multi_0010,yes,respiratory_distress,,,low_battery,,可接受，标签清楚
multi_0011,yes,respiratory_distress,,,low_battery,,可接受，标签清楚
multi_0012,yes,respiratory_distress,,,low_battery,,可接受，标签清楚
multi_0013,yes,respiratory_distress,,,low_battery,,可接受，标签清楚
multi_0014,yes,respiratory_distress,,,low_battery,,可接受，标签清楚
multi_0015,yes,respiratory_distress,,,low_battery,,可接受，标签清楚
multi_0016,yes,respiratory_distress,,,low_battery,,可接受，标签清楚
multi_0017,yes,respiratory_distress,,,low_battery,,可接受，标签清楚
multi_0018,yes,respiratory_distress,,,low_battery,,可接受，标签清楚
multi_0019,yes,respiratory_distress,,,low_battery,,可接受，标签清楚
multi_0020,yes,respiratory_distress,,,low_battery,,可接受，标签清楚
multi_0021,yes,respiratory_distress,,,low_battery,,可接受，标签清楚
multi_0022,yes,respiratory_distress,,,low_battery,,可接受，标签清楚
multi_0023,yes,respiratory_distress,,,low_battery,,可接受，标签清楚
multi_0024,yes,respiratory_distress,,,low_battery,,可接受，标签清楚
multi_0025,yes,respiratory_distress,,,low_battery,,可接受，标签清楚
multi_0026,yes,respiratory_distress,,,low_battery,,可接受，标签清楚
multi_0027,yes,respiratory_distress,,,low_battery,,可接受，标签清楚
multi_0028,yes,respiratory_distress,,,low_battery,,可接受，标签清楚
multi_0029,yes,respiratory_distress,,,low_battery,,可接受，标签清楚
multi_0030,yes,respiratory_distress,,,low_battery,,可接受，标签清楚
multi_0031,yes,respiratory_distress,,,low_battery,,可接受，标签清楚
multi_0032,yes,respiratory_distress,,,low_battery,,可接受，标签清楚
multi_0033,yes,respiratory_distress,,,low_battery,,可接受，标签清楚
multi_0034,yes,respiratory_distress,,,low_battery,,可接受，标签清楚
multi_0035,yes,respiratory_distress,,,low_battery,,可接受，标签清楚
multi_0036,yes,respiratory_distress,,,low_battery,,可接受，标签清楚
multi_0037,yes,respiratory_distress,,,low_battery,,可接受，标签清楚
multi_0038,yes,respiratory_distress,,,low_battery,,可接受，标签清楚
multi_0039,yes,respiratory_distress,,,low_battery,,可接受，标签清楚
multi_0040,yes,respiratory_distress,,,low_battery,,可接受，标签清楚
multi_0041,yes,respiratory_distress,,,low_battery,,可接受，标签清楚
multi_0042,yes,respiratory_distress,,,low_battery,,可接受，标签清楚
multi_0043,yes,respiratory_distress,,,low_battery,,可接受，标签清楚
multi_0044,yes,respiratory_distress,,,low_battery,,可接受，标签清楚
multi_0045,yes,respiratory_distress,,,low_battery,,可接受，标签清楚
multi_0046,yes,respiratory_distress,,,low_battery,,可接受，标签清楚
multi_0047,yes,respiratory_distress,,,low_battery,,可接受，标签清楚
multi_0048,yes,respiratory_distress,,,low_battery,,可接受，标签清楚
multi_0049,yes,respiratory_distress,,,low_battery,,可接受，标签清楚
multi_0050,yes,respiratory_distress,,,low_battery,,可接受，标签清楚
multi_0051,yes,respiratory_distress,,,low_battery,,可接受，标签清楚
multi_0052,yes,respiratory_distress,,,low_battery,,可接受，标签清楚
multi_0053,yes,respiratory_distress,,,low_battery,,可接受，标签清楚
multi_0054,yes,respiratory_distress,,,low_battery,,可接受，标签清楚
multi_0055,yes,severe_bleeding_or_shock,psychological_distress,,,,可接受，标签清楚
multi_0056,yes,severe_bleeding_or_shock,psychological_distress,,,,可接受，标签清楚
multi_0057,yes,severe_bleeding_or_shock,psychological_distress,,,,可接受，标签清楚
multi_0058,yes,severe_bleeding_or_shock,psychological_distress,,,,可接受，标签清楚
multi_0059,yes,severe_bleeding_or_shock,psychological_distress,,,,可接受，标签清楚
multi_0060,yes,severe_bleeding_or_shock,psychological_distress,,,,可接受，标签清楚
multi_0061,yes,severe_bleeding_or_shock,psychological_distress,,,,可接受，标签清楚
multi_0062,yes,severe_bleeding_or_shock,psychological_distress,,,,可接受，标签清楚
multi_0063,yes,severe_bleeding_or_shock,psychological_distress,,,,可接受，标签清楚
multi_0064,yes,severe_bleeding_or_shock,psychological_distress,,,,可接受，标签清楚
multi_0065,yes,severe_bleeding_or_shock,psychological_distress,,,,可接受，标签清楚
multi_0066,yes,severe_bleeding_or_shock,psychological_distress,,,,可接受，标签清楚
multi_0067,yes,severe_bleeding_or_shock,psychological_distress,,,,可接受，标签清楚
multi_0068,yes,severe_bleeding_or_shock,psychological_distress,,,,可接受，标签清楚
multi_0069,yes,severe_bleeding_or_shock,psychological_distress,,,,可接受，标签清楚
multi_0070,yes,severe_bleeding_or_shock,psychological_distress,,,,可接受，标签清楚
multi_0071,yes,severe_bleeding_or_shock,psychological_distress,,,,可接受，标签清楚
multi_0072,yes,severe_bleeding_or_shock,psychological_distress,,,,可接受，标签清楚
multi_0073,yes,severe_bleeding_or_shock,psychological_distress,,,,可接受，标签清楚
multi_0074,yes,severe_bleeding_or_shock,psychological_distress,,,,可接受，标签清楚
multi_0075,yes,severe_bleeding_or_shock,psychological_distress,,,,可接受，标签清楚
multi_0076,yes,severe_bleeding_or_shock,psychological_distress,,,,可接受，标签清楚
multi_0077,yes,severe_bleeding_or_shock,psychological_distress,,,,可接受，标签清楚
multi_0078,yes,severe_bleeding_or_shock,psychological_distress,,,,可接受，标签清楚
multi_0079,yes,severe_bleeding_or_shock,psychological_distress,,,,可接受，标签清楚
multi_0080,yes,severe_bleeding_or_shock,psychological_distress,,,,可接受，标签清楚
multi_0081,yes,severe_bleeding_or_shock,psychological_distress,,,,可接受，标签清楚
multi_0082,yes,severe_bleeding_or_shock,psychological_distress,,,,可接受，标签清楚
multi_0083,yes,severe_bleeding_or_shock,psychological_distress,,,,可接受，标签清楚
multi_0084,yes,severe_bleeding_or_shock,psychological_distress,,,,可接受，标签清楚
multi_0085,yes,severe_bleeding_or_shock,psychological_distress,,,,可接受，标签清楚
multi_0086,yes,severe_bleeding_or_shock,psychological_distress,,,,可接受，标签清楚
multi_0087,yes,severe_bleeding_or_shock,psychological_distress,,,,可接受，标签清楚
multi_0088,yes,severe_bleeding_or_shock,psychological_distress,,,,可接受，标签清楚
multi_0089,yes,severe_bleeding_or_shock,psychological_distress,,,,可接受，标签清楚
multi_0090,yes,severe_bleeding_or_shock,psychological_distress,,,,可接受，标签清楚
multi_0091,yes,respiratory_distress,crush_injury,,,,可接受，标签清楚；含pending_source_confirmation标签，gold前需确认来源
multi_0092,yes,respiratory_distress,crush_injury,,,,可接受，标签清楚；含pending_source_confirmation标签，gold前需确认来源
multi_0093,yes,respiratory_distress,crush_injury,,,,可接受，标签清楚；含pending_source_confirmation标签，gold前需确认来源
multi_0094,yes,respiratory_distress,crush_injury,,,,可接受，标签清楚；含pending_source_confirmation标签，gold前需确认来源
multi_0095,yes,respiratory_distress,crush_injury,,,,可接受，标签清楚；含pending_source_confirmation标签，gold前需确认来源
multi_0096,yes,respiratory_distress,crush_injury,,,,可接受，标签清楚；含pending_source_confirmation标签，gold前需确认来源
multi_0097,yes,respiratory_distress,crush_injury,,,,可接受，标签清楚；含pending_source_confirmation标签，gold前需确认来源
multi_0098,yes,respiratory_distress,crush_injury,,,,可接受，标签清楚；含pending_source_confirmation标签，gold前需确认来源
multi_0099,yes,respiratory_distress,crush_injury,,,,可接受，标签清楚；含pending_source_confirmation标签，gold前需确认来源
multi_0100,yes,respiratory_distress,crush_injury,,,,可接受，标签清楚；含pending_source_confirmation标签，gold前需确认来源
multi_0101,yes,respiratory_distress,crush_injury,,,,可接受，标签清楚；含pending_source_confirmation标签，gold前需确认来源
multi_0102,yes,respiratory_distress,crush_injury,,,,可接受，标签清楚；含pending_source_confirmation标签，gold前需确认来源
multi_0103,yes,respiratory_distress,crush_injury,,,,可接受，标签清楚；含pending_source_confirmation标签，gold前需确认来源
multi_0104,yes,respiratory_distress,crush_injury,,,,可接受，标签清楚；含pending_source_confirmation标签，gold前需确认来源
multi_0105,yes,respiratory_distress,crush_injury,,,,可接受，标签清楚；含pending_source_confirmation标签，gold前需确认来源
multi_0106,yes,respiratory_distress,crush_injury,,,,可接受，标签清楚；含pending_source_confirmation标签，gold前需确认来源
multi_0107,yes,respiratory_distress,crush_injury,,,,可接受，标签清楚；含pending_source_confirmation标签，gold前需确认来源
multi_0108,yes,respiratory_distress,crush_injury,,,,可接受，标签清楚；含pending_source_confirmation标签，gold前需确认来源
multi_0109,yes,respiratory_distress,crush_injury,,,,可接受，标签清楚；含pending_source_confirmation标签，gold前需确认来源
multi_0110,yes,respiratory_distress,crush_injury,,,,可接受，标签清楚；含pending_source_confirmation标签，gold前需确认来源
multi_0111,yes,respiratory_distress,crush_injury,,,,可接受，标签清楚；含pending_source_confirmation标签，gold前需确认来源
multi_0112,yes,respiratory_distress,crush_injury,,,,可接受，标签清楚；含pending_source_confirmation标签，gold前需确认来源
multi_0113,yes,respiratory_distress,crush_injury,,,,可接受，标签清楚；含pending_source_confirmation标签，gold前需确认来源
multi_0114,needs_adjudication,needs_adjudication,crush_injury,,,,说话断断续续可能是呼吸困难、恐慌或受困表现，需仲裁
multi_0115,needs_adjudication,respiratory_distress,,,,,被卡住未说明身体部位受压，crush_injury与trapped_or_entrapment边界不清，需仲裁
multi_0116,needs_adjudication,respiratory_distress,,,,,被卡住未说明身体部位受压，crush_injury与trapped_or_entrapment边界不清，需仲裁
multi_0117,needs_adjudication,respiratory_distress,,,,,被卡住未说明身体部位受压，crush_injury与trapped_or_entrapment边界不清，需仲裁
multi_0118,yes,respiratory_distress,crush_injury,,,,可接受，标签清楚；含pending_source_confirmation标签，gold前需确认来源
multi_0119,yes,respiratory_distress,crush_injury,,,,可接受，标签清楚；含pending_source_confirmation标签，gold前需确认来源
multi_0120,needs_adjudication,needs_adjudication,crush_injury,,,,说话断断续续可能是呼吸困难、恐慌或受困表现，需仲裁
multi_0121,yes,respiratory_distress,crush_injury,,,,可接受，标签清楚；含pending_source_confirmation标签，gold前需确认来源
multi_0122,yes,respiratory_distress,crush_injury,,,,可接受，标签清楚；含pending_source_confirmation标签，gold前需确认来源
multi_0123,yes,respiratory_distress,crush_injury,,,,可接受，标签清楚；含pending_source_confirmation标签，gold前需确认来源
multi_0124,yes,respiratory_distress,crush_injury,,,,可接受，标签清楚；含pending_source_confirmation标签，gold前需确认来源
multi_0125,yes,respiratory_distress,crush_injury,,,,可接受，标签清楚；含pending_source_confirmation标签，gold前需确认来源
multi_0126,yes,respiratory_distress,crush_injury,,,,可接受，标签清楚；含pending_source_confirmation标签，gold前需确认来源
multi_0127,yes,respiratory_distress,crush_injury,,,,可接受，标签清楚；含pending_source_confirmation标签，gold前需确认来源
multi_0128,yes,respiratory_distress,crush_injury,,,,可接受，标签清楚；含pending_source_confirmation标签，gold前需确认来源
multi_0129,yes,respiratory_distress,crush_injury,,,,可接受，标签清楚；含pending_source_confirmation标签，gold前需确认来源
multi_0130,yes,respiratory_distress,crush_injury,,,,可接受，标签清楚；含pending_source_confirmation标签，gold前需确认来源
multi_0131,yes,respiratory_distress,crush_injury,,,,可接受，标签清楚；含pending_source_confirmation标签，gold前需确认来源
multi_0132,yes,respiratory_distress,crush_injury,,,,可接受，标签清楚；含pending_source_confirmation标签，gold前需确认来源
multi_0133,yes,trapped_or_entrapment,hypothermia,,,,可接受，标签清楚；含pending_source_confirmation标签，gold前需确认来源
multi_0134,yes,trapped_or_entrapment,hypothermia,,,,可接受，标签清楚；含pending_source_confirmation标签，gold前需确认来源
multi_0135,yes,trapped_or_entrapment,hypothermia,,,,可接受，标签清楚；含pending_source_confirmation标签，gold前需确认来源
multi_0136,yes,trapped_or_entrapment,hypothermia,,,,可接受，标签清楚；含pending_source_confirmation标签，gold前需确认来源
multi_0137,yes,trapped_or_entrapment,hypothermia,,,,可接受，标签清楚；含pending_source_confirmation标签，gold前需确认来源
multi_0138,yes,trapped_or_entrapment,hypothermia,,,,可接受，标签清楚；含pending_source_confirmation标签，gold前需确认来源
multi_0139,yes,trapped_or_entrapment,hypothermia,,,,可接受，标签清楚；含pending_source_confirmation标签，gold前需确认来源
multi_0140,yes,trapped_or_entrapment,hypothermia,,,,可接受，标签清楚；含pending_source_confirmation标签，gold前需确认来源
multi_0141,yes,trapped_or_entrapment,hypothermia,,,,可接受，标签清楚；含pending_source_confirmation标签，gold前需确认来源
multi_0142,yes,trapped_or_entrapment,hypothermia,,,,可接受，标签清楚；含pending_source_confirmation标签，gold前需确认来源
multi_0143,yes,trapped_or_entrapment,hypothermia,,,,可接受，标签清楚；含pending_source_confirmation标签，gold前需确认来源
multi_0144,yes,trapped_or_entrapment,hypothermia,,,,可接受，标签清楚；含pending_source_confirmation标签，gold前需确认来源
multi_0145,yes,trapped_or_entrapment,hypothermia,,,,可接受，标签清楚；含pending_source_confirmation标签，gold前需确认来源
multi_0146,yes,trapped_or_entrapment,hypothermia,,,,可接受，标签清楚；含pending_source_confirmation标签，gold前需确认来源
multi_0147,yes,trapped_or_entrapment,hypothermia,,,,可接受，标签清楚；含pending_source_confirmation标签，gold前需确认来源
multi_0148,yes,trapped_or_entrapment,hypothermia,,,,可接受，标签清楚；含pending_source_confirmation标签，gold前需确认来源
multi_0149,yes,trapped_or_entrapment,hypothermia,,,,可接受，标签清楚；含pending_source_confirmation标签，gold前需确认来源
multi_0150,yes,trapped_or_entrapment,hypothermia,,,,可接受，标签清楚；含pending_source_confirmation标签，gold前需确认来源
multi_0151,yes,trapped_or_entrapment,hypothermia,,,,可接受，标签清楚；含pending_source_confirmation标签，gold前需确认来源
multi_0152,yes,trapped_or_entrapment,hypothermia,,,,可接受，标签清楚；含pending_source_confirmation标签，gold前需确认来源
multi_0153,yes,trapped_or_entrapment,hypothermia,,,,可接受，标签清楚；含pending_source_confirmation标签，gold前需确认来源
multi_0154,yes,trapped_or_entrapment,hypothermia,,,,可接受，标签清楚；含pending_source_confirmation标签，gold前需确认来源
multi_0155,yes,trapped_or_entrapment,hypothermia,,,,可接受，标签清楚；含pending_source_confirmation标签，gold前需确认来源
multi_0156,yes,trapped_or_entrapment,hypothermia,,,,可接受，标签清楚；含pending_source_confirmation标签，gold前需确认来源
multi_0157,yes,trapped_or_entrapment,hypothermia,,,,可接受，标签清楚；含pending_source_confirmation标签，gold前需确认来源
multi_0158,yes,trapped_or_entrapment,hypothermia,,,,可接受，标签清楚；含pending_source_confirmation标签，gold前需确认来源
multi_0159,yes,trapped_or_entrapment,hypothermia,,,,可接受，标签清楚；含pending_source_confirmation标签，gold前需确认来源
multi_0160,yes,trapped_or_entrapment,hypothermia,,,,可接受，标签清楚；含pending_source_confirmation标签，gold前需确认来源
multi_0161,yes,trapped_or_entrapment,hypothermia,,,,可接受，标签清楚；含pending_source_confirmation标签，gold前需确认来源
multi_0162,yes,trapped_or_entrapment,hypothermia,,,,可接受，标签清楚；含pending_source_confirmation标签，gold前需确认来源
multi_0163,yes,severe_bleeding_or_shock,altered_consciousness_or_head_injury,,,,可接受，标签清楚
multi_0164,yes,severe_bleeding_or_shock,altered_consciousness_or_head_injury,,,,可接受，标签清楚
multi_0165,yes,severe_bleeding_or_shock,altered_consciousness_or_head_injury,,,,可接受，标签清楚
multi_0166,yes,severe_bleeding_or_shock,altered_consciousness_or_head_injury,,,,可接受，标签清楚
multi_0167,yes,severe_bleeding_or_shock,altered_consciousness_or_head_injury,,,,可接受，标签清楚
multi_0168,yes,severe_bleeding_or_shock,altered_consciousness_or_head_injury,,,,可接受，标签清楚
multi_0169,yes,severe_bleeding_or_shock,altered_consciousness_or_head_injury,,,,可接受，标签清楚
multi_0170,yes,severe_bleeding_or_shock,altered_consciousness_or_head_injury,,,,可接受，标签清楚
multi_0171,yes,severe_bleeding_or_shock,altered_consciousness_or_head_injury,,,,可接受，标签清楚
multi_0172,yes,severe_bleeding_or_shock,altered_consciousness_or_head_injury,,,,可接受，标签清楚
multi_0173,yes,severe_bleeding_or_shock,altered_consciousness_or_head_injury,,,,可接受，标签清楚
multi_0174,yes,severe_bleeding_or_shock,altered_consciousness_or_head_injury,,,,可接受，标签清楚
multi_0175,yes,severe_bleeding_or_shock,altered_consciousness_or_head_injury,,,,可接受，标签清楚
multi_0176,yes,severe_bleeding_or_shock,altered_consciousness_or_head_injury,,,,可接受，标签清楚
multi_0177,yes,severe_bleeding_or_shock,altered_consciousness_or_head_injury,,,,可接受，标签清楚
multi_0178,yes,severe_bleeding_or_shock,altered_consciousness_or_head_injury,,,,可接受，标签清楚
multi_0179,yes,severe_bleeding_or_shock,altered_consciousness_or_head_injury,,,,可接受，标签清楚
multi_0180,yes,severe_bleeding_or_shock,altered_consciousness_or_head_injury,,,,可接受，标签清楚
multi_0181,yes,severe_bleeding_or_shock,altered_consciousness_or_head_injury,,,,可接受，标签清楚
multi_0182,yes,severe_bleeding_or_shock,altered_consciousness_or_head_injury,,,,可接受，标签清楚
multi_0183,yes,severe_bleeding_or_shock,altered_consciousness_or_head_injury,,,,可接受，标签清楚
multi_0184,yes,severe_bleeding_or_shock,altered_consciousness_or_head_injury,,,,可接受，标签清楚
multi_0185,yes,severe_bleeding_or_shock,altered_consciousness_or_head_injury,,,,可接受，标签清楚
multi_0186,yes,severe_bleeding_or_shock,altered_consciousness_or_head_injury,,,,可接受，标签清楚
multi_0187,yes,severe_bleeding_or_shock,altered_consciousness_or_head_injury,,,,可接受，标签清楚
multi_0188,yes,severe_bleeding_or_shock,altered_consciousness_or_head_injury,,,,可接受，标签清楚
multi_0189,yes,severe_bleeding_or_shock,altered_consciousness_or_head_injury,,,,可接受，标签清楚
multi_0190,yes,severe_bleeding_or_shock,altered_consciousness_or_head_injury,,,,可接受，标签清楚
multi_0191,yes,severe_bleeding_or_shock,altered_consciousness_or_head_injury,,,,可接受，标签清楚
multi_0192,yes,severe_bleeding_or_shock,altered_consciousness_or_head_injury,,,,可接受，标签清楚
multi_0193,yes,trapped_or_entrapment,aftershock_or_collapse_hazard,,,,可接受，标签清楚；含pending_source_confirmation标签，gold前需确认来源
multi_0194,yes,trapped_or_entrapment,aftershock_or_collapse_hazard,,,,可接受，标签清楚；含pending_source_confirmation标签，gold前需确认来源
multi_0195,yes,trapped_or_entrapment,aftershock_or_collapse_hazard,,,,可接受，标签清楚；含pending_source_confirmation标签，gold前需确认来源
multi_0196,yes,trapped_or_entrapment,aftershock_or_collapse_hazard,,,,可接受，标签清楚；含pending_source_confirmation标签，gold前需确认来源
multi_0197,yes,trapped_or_entrapment,aftershock_or_collapse_hazard,,,,可接受，标签清楚；含pending_source_confirmation标签，gold前需确认来源
multi_0198,yes,trapped_or_entrapment,aftershock_or_collapse_hazard,,,,可接受，标签清楚；含pending_source_confirmation标签，gold前需确认来源
multi_0199,yes,trapped_or_entrapment,aftershock_or_collapse_hazard,,,,可接受，标签清楚；含pending_source_confirmation标签，gold前需确认来源
multi_0200,yes,trapped_or_entrapment,aftershock_or_collapse_hazard,,,,可接受，标签清楚；含pending_source_confirmation标签，gold前需确认来源
multi_0201,yes,trapped_or_entrapment,aftershock_or_collapse_hazard,,,,可接受，标签清楚；含pending_source_confirmation标签，gold前需确认来源
multi_0202,yes,trapped_or_entrapment,aftershock_or_collapse_hazard,,,,可接受，标签清楚；含pending_source_confirmation标签，gold前需确认来源
multi_0203,yes,trapped_or_entrapment,aftershock_or_collapse_hazard,,,,可接受，标签清楚；含pending_source_confirmation标签，gold前需确认来源
multi_0204,yes,trapped_or_entrapment,aftershock_or_collapse_hazard,,,,可接受，标签清楚；含pending_source_confirmation标签，gold前需确认来源
multi_0205,yes,trapped_or_entrapment,aftershock_or_collapse_hazard,,,,可接受，标签清楚；含pending_source_confirmation标签，gold前需确认来源
multi_0206,yes,trapped_or_entrapment,aftershock_or_collapse_hazard,,,,可接受，标签清楚；含pending_source_confirmation标签，gold前需确认来源
multi_0207,yes,trapped_or_entrapment,aftershock_or_collapse_hazard,,,,可接受，标签清楚；含pending_source_confirmation标签，gold前需确认来源
multi_0208,yes,trapped_or_entrapment,aftershock_or_collapse_hazard,,,,可接受，标签清楚；含pending_source_confirmation标签，gold前需确认来源
multi_0209,yes,trapped_or_entrapment,aftershock_or_collapse_hazard,,,,可接受，标签清楚；含pending_source_confirmation标签，gold前需确认来源
multi_0210,yes,trapped_or_entrapment,aftershock_or_collapse_hazard,,,,可接受，标签清楚；含pending_source_confirmation标签，gold前需确认来源
multi_0211,yes,aftershock_or_collapse_hazard,trauma_or_fracture,,,,可接受，标签清楚；含pending_source_confirmation标签，gold前需确认来源
multi_0212,yes,aftershock_or_collapse_hazard,trauma_or_fracture,,,,可接受，标签清楚；含pending_source_confirmation标签，gold前需确认来源
multi_0213,yes,aftershock_or_collapse_hazard,trauma_or_fracture,,,,可接受，标签清楚；含pending_source_confirmation标签，gold前需确认来源
multi_0214,yes,aftershock_or_collapse_hazard,trauma_or_fracture,,,,可接受，标签清楚；含pending_source_confirmation标签，gold前需确认来源
multi_0215,yes,aftershock_or_collapse_hazard,trauma_or_fracture,,,,可接受，标签清楚；含pending_source_confirmation标签，gold前需确认来源
multi_0216,yes,aftershock_or_collapse_hazard,trauma_or_fracture,,,,可接受，标签清楚；含pending_source_confirmation标签，gold前需确认来源
multi_0217,yes,aftershock_or_collapse_hazard,trauma_or_fracture,,,,可接受，标签清楚；含pending_source_confirmation标签，gold前需确认来源
multi_0218,yes,aftershock_or_collapse_hazard,trauma_or_fracture,,,,可接受，标签清楚；含pending_source_confirmation标签，gold前需确认来源
multi_0219,yes,aftershock_or_collapse_hazard,trauma_or_fracture,,,,可接受，标签清楚；含pending_source_confirmation标签，gold前需确认来源
multi_0220,yes,respiratory_distress,aftershock_or_collapse_hazard,,,,可接受，标签清楚；含pending_source_confirmation标签，gold前需确认来源
multi_0221,yes,respiratory_distress,aftershock_or_collapse_hazard,,,,可接受，标签清楚；含pending_source_confirmation标签，gold前需确认来源
multi_0222,yes,respiratory_distress,aftershock_or_collapse_hazard,,,,可接受，标签清楚；含pending_source_confirmation标签，gold前需确认来源
multi_0223,yes,respiratory_distress,aftershock_or_collapse_hazard,,,,可接受，标签清楚；含pending_source_confirmation标签，gold前需确认来源
multi_0224,yes,respiratory_distress,aftershock_or_collapse_hazard,,,,可接受，标签清楚；含pending_source_confirmation标签，gold前需确认来源
multi_0225,yes,respiratory_distress,aftershock_or_collapse_hazard,,,,可接受，标签清楚；含pending_source_confirmation标签，gold前需确认来源
multi_0226,yes,respiratory_distress,aftershock_or_collapse_hazard,,,,可接受，标签清楚；含pending_source_confirmation标签，gold前需确认来源
multi_0227,yes,respiratory_distress,aftershock_or_collapse_hazard,,,,可接受，标签清楚；含pending_source_confirmation标签，gold前需确认来源
multi_0228,yes,respiratory_distress,aftershock_or_collapse_hazard,,,,可接受，标签清楚；含pending_source_confirmation标签，gold前需确认来源
multi_0229,yes,dehydration_or_resource_deprivation,,,low_battery,,可接受，标签清楚；含pending_source_confirmation标签，gold前需确认来源
multi_0230,yes,dehydration_or_resource_deprivation,,,low_battery,,可接受，标签清楚；含pending_source_confirmation标签，gold前需确认来源
multi_0231,yes,dehydration_or_resource_deprivation,,,low_battery,,可接受，标签清楚；含pending_source_confirmation标签，gold前需确认来源
multi_0232,yes,dehydration_or_resource_deprivation,,,low_battery,,可接受，标签清楚；含pending_source_confirmation标签，gold前需确认来源
multi_0233,yes,dehydration_or_resource_deprivation,,,low_battery,,可接受，标签清楚；含pending_source_confirmation标签，gold前需确认来源
multi_0234,yes,dehydration_or_resource_deprivation,,,low_battery,,可接受，标签清楚；含pending_source_confirmation标签，gold前需确认来源
multi_0235,yes,dehydration_or_resource_deprivation,,,low_battery,,可接受，标签清楚；含pending_source_confirmation标签，gold前需确认来源
multi_0236,yes,dehydration_or_resource_deprivation,,,low_battery,,可接受，标签清楚；含pending_source_confirmation标签，gold前需确认来源
multi_0237,yes,dehydration_or_resource_deprivation,,,low_battery,,可接受，标签清楚；含pending_source_confirmation标签，gold前需确认来源
multi_0238,yes,trapped_or_entrapment,dehydration_or_resource_deprivation,,,,可接受，标签清楚；含pending_source_confirmation标签，gold前需确认来源
multi_0239,yes,trapped_or_entrapment,dehydration_or_resource_deprivation,,,,可接受，标签清楚；含pending_source_confirmation标签，gold前需确认来源
multi_0240,yes,trapped_or_entrapment,dehydration_or_resource_deprivation,,,,可接受，标签清楚；含pending_source_confirmation标签，gold前需确认来源
multi_0241,yes,trapped_or_entrapment,dehydration_or_resource_deprivation,,,,可接受，标签清楚；含pending_source_confirmation标签，gold前需确认来源
multi_0242,yes,trapped_or_entrapment,dehydration_or_resource_deprivation,,,,可接受，标签清楚；含pending_source_confirmation标签，gold前需确认来源
multi_0243,yes,trapped_or_entrapment,dehydration_or_resource_deprivation,,,,可接受，标签清楚；含pending_source_confirmation标签，gold前需确认来源
multi_0244,yes,trapped_or_entrapment,dehydration_or_resource_deprivation,,,,可接受，标签清楚；含pending_source_confirmation标签，gold前需确认来源
multi_0245,yes,trapped_or_entrapment,dehydration_or_resource_deprivation,,,,可接受，标签清楚；含pending_source_confirmation标签，gold前需确认来源
multi_0246,yes,trapped_or_entrapment,dehydration_or_resource_deprivation,,,,可接受，标签清楚；含pending_source_confirmation标签，gold前需确认来源
multi_0247,yes,hypothermia,dehydration_or_resource_deprivation,,,,可接受，标签清楚；含pending_source_confirmation标签，gold前需确认来源
multi_0248,yes,hypothermia,dehydration_or_resource_deprivation,,,,可接受，标签清楚；含pending_source_confirmation标签，gold前需确认来源
multi_0249,yes,hypothermia,dehydration_or_resource_deprivation,,,,可接受，标签清楚；含pending_source_confirmation标签，gold前需确认来源
multi_0250,yes,hypothermia,dehydration_or_resource_deprivation,,,,可接受，标签清楚；含pending_source_confirmation标签，gold前需确认来源
multi_0251,yes,hypothermia,dehydration_or_resource_deprivation,,,,可接受，标签清楚；含pending_source_confirmation标签，gold前需确认来源
multi_0252,yes,hypothermia,dehydration_or_resource_deprivation,,,,可接受，标签清楚；含pending_source_confirmation标签，gold前需确认来源
multi_0253,yes,hypothermia,dehydration_or_resource_deprivation,,,,可接受，标签清楚；含pending_source_confirmation标签，gold前需确认来源
multi_0254,yes,hypothermia,dehydration_or_resource_deprivation,,,,可接受，标签清楚；含pending_source_confirmation标签，gold前需确认来源
multi_0255,yes,hypothermia,dehydration_or_resource_deprivation,,,,可接受，标签清楚；含pending_source_confirmation标签，gold前需确认来源
multi_0256,yes,dehydration_or_resource_deprivation,psychological_distress,,,,可接受，标签清楚；含pending_source_confirmation标签，gold前需确认来源
multi_0257,yes,dehydration_or_resource_deprivation,psychological_distress,,,,可接受，标签清楚；含pending_source_confirmation标签，gold前需确认来源
multi_0258,yes,dehydration_or_resource_deprivation,psychological_distress,,,,可接受，标签清楚；含pending_source_confirmation标签，gold前需确认来源
multi_0259,yes,dehydration_or_resource_deprivation,psychological_distress,,,,可接受，标签清楚；含pending_source_confirmation标签，gold前需确认来源
multi_0260,yes,dehydration_or_resource_deprivation,psychological_distress,,,,可接受，标签清楚；含pending_source_confirmation标签，gold前需确认来源
multi_0261,yes,dehydration_or_resource_deprivation,psychological_distress,,,,可接受，标签清楚；含pending_source_confirmation标签，gold前需确认来源
multi_0262,yes,dehydration_or_resource_deprivation,psychological_distress,,,,可接受，标签清楚；含pending_source_confirmation标签，gold前需确认来源
multi_0263,yes,dehydration_or_resource_deprivation,psychological_distress,,,,可接受，标签清楚；含pending_source_confirmation标签，gold前需确认来源
multi_0264,yes,dehydration_or_resource_deprivation,psychological_distress,,,,可接受，标签清楚；含pending_source_confirmation标签，gold前需确认来源
multi_0265,yes,altered_consciousness_or_head_injury,psychological_distress,,,,可接受，标签清楚
multi_0266,yes,altered_consciousness_or_head_injury,psychological_distress,,,,可接受，标签清楚
multi_0267,yes,altered_consciousness_or_head_injury,psychological_distress,,,,可接受，标签清楚
multi_0268,yes,altered_consciousness_or_head_injury,psychological_distress,,,,可接受，标签清楚
multi_0269,yes,altered_consciousness_or_head_injury,psychological_distress,,,,可接受，标签清楚
multi_0270,yes,altered_consciousness_or_head_injury,psychological_distress,,,,可接受，标签清楚
multi_0271,yes,altered_consciousness_or_head_injury,psychological_distress,,,,可接受，标签清楚
multi_0272,yes,altered_consciousness_or_head_injury,psychological_distress,,,,可接受，标签清楚
multi_0273,yes,altered_consciousness_or_head_injury,psychological_distress,,,,可接受，标签清楚
multi_0274,yes,altered_consciousness_or_head_injury,psychological_distress,,,,可接受，标签清楚
multi_0275,yes,altered_consciousness_or_head_injury,psychological_distress,,,,可接受，标签清楚
multi_0276,yes,altered_consciousness_or_head_injury,psychological_distress,,,,可接受，标签清楚
multi_0277,yes,altered_consciousness_or_head_injury,psychological_distress,,,,可接受，标签清楚
multi_0278,yes,altered_consciousness_or_head_injury,psychological_distress,,,,可接受，标签清楚
multi_0279,yes,altered_consciousness_or_head_injury,psychological_distress,,,,可接受，标签清楚
multi_0280,yes,altered_consciousness_or_head_injury,psychological_distress,,,,可接受，标签清楚
multi_0281,yes,altered_consciousness_or_head_injury,psychological_distress,,,,可接受，标签清楚
multi_0282,yes,altered_consciousness_or_head_injury,psychological_distress,,,,可接受，标签清楚
multi_0283,yes,altered_consciousness_or_head_injury,,,low_battery,,可接受，标签清楚
multi_0284,yes,altered_consciousness_or_head_injury,,,low_battery,,可接受，标签清楚
multi_0285,yes,altered_consciousness_or_head_injury,,,low_battery,,可接受，标签清楚
multi_0286,yes,altered_consciousness_or_head_injury,,,low_battery,,可接受，标签清楚
multi_0287,yes,altered_consciousness_or_head_injury,,,low_battery,,可接受，标签清楚
multi_0288,yes,altered_consciousness_or_head_injury,,,low_battery,,可接受，标签清楚
multi_0289,yes,altered_consciousness_or_head_injury,,,low_battery,,可接受，标签清楚
multi_0290,yes,altered_consciousness_or_head_injury,,,low_battery,,可接受，标签清楚
multi_0291,yes,altered_consciousness_or_head_injury,,,low_battery,,可接受，标签清楚
multi_0292,yes,altered_consciousness_or_head_injury,trapped_or_entrapment,,,,可接受，标签清楚；含pending_source_confirmation标签，gold前需确认来源
multi_0293,yes,altered_consciousness_or_head_injury,trapped_or_entrapment,,,,可接受，标签清楚；含pending_source_confirmation标签，gold前需确认来源
multi_0294,yes,altered_consciousness_or_head_injury,trapped_or_entrapment,,,,可接受，标签清楚；含pending_source_confirmation标签，gold前需确认来源
multi_0295,yes,altered_consciousness_or_head_injury,trapped_or_entrapment,,,,可接受，标签清楚；含pending_source_confirmation标签，gold前需确认来源
multi_0296,yes,altered_consciousness_or_head_injury,trapped_or_entrapment,,,,可接受，标签清楚；含pending_source_confirmation标签，gold前需确认来源
multi_0297,yes,altered_consciousness_or_head_injury,trapped_or_entrapment,,,,可接受，标签清楚；含pending_source_confirmation标签，gold前需确认来源
multi_0298,yes,altered_consciousness_or_head_injury,trapped_or_entrapment,,,,可接受，标签清楚；含pending_source_confirmation标签，gold前需确认来源
multi_0299,yes,altered_consciousness_or_head_injury,trapped_or_entrapment,,,,可接受，标签清楚；含pending_source_confirmation标签，gold前需确认来源
multi_0300,yes,altered_consciousness_or_head_injury,trapped_or_entrapment,,,,可接受，标签清楚；含pending_source_confirmation标签，gold前需确认来源
multi_0301,yes,severe_bleeding_or_shock,,,low_battery,,可接受，标签清楚
multi_0302,yes,severe_bleeding_or_shock,,,low_battery,,可接受，标签清楚
multi_0303,yes,severe_bleeding_or_shock,,,low_battery,,可接受，标签清楚
multi_0304,yes,severe_bleeding_or_shock,,,low_battery,,可接受，标签清楚
multi_0305,yes,severe_bleeding_or_shock,,,low_battery,,可接受，标签清楚
multi_0306,yes,severe_bleeding_or_shock,,,low_battery,,可接受，标签清楚
multi_0307,yes,severe_bleeding_or_shock,,,low_battery,,可接受，标签清楚
multi_0308,yes,severe_bleeding_or_shock,,,low_battery,,可接受，标签清楚
multi_0309,yes,severe_bleeding_or_shock,,,low_battery,,可接受，标签清楚
multi_0310,yes,crush_injury,,,low_battery,,可接受，标签清楚；含pending_source_confirmation标签，gold前需确认来源
multi_0311,yes,crush_injury,,,low_battery,,可接受，标签清楚；含pending_source_confirmation标签，gold前需确认来源
multi_0312,yes,crush_injury,,,low_battery,,可接受，标签清楚；含pending_source_confirmation标签，gold前需确认来源
multi_0313,yes,crush_injury,,,low_battery,,可接受，标签清楚；含pending_source_confirmation标签，gold前需确认来源
multi_0314,yes,crush_injury,,,low_battery,,可接受，标签清楚；含pending_source_confirmation标签，gold前需确认来源
multi_0315,yes,crush_injury,,,low_battery,,可接受，标签清楚；含pending_source_confirmation标签，gold前需确认来源
multi_0316,yes,crush_injury,,,low_battery,,可接受，标签清楚；含pending_source_confirmation标签，gold前需确认来源
multi_0317,yes,crush_injury,,,low_battery,,可接受，标签清楚；含pending_source_confirmation标签，gold前需确认来源
multi_0318,yes,crush_injury,,,low_battery,,可接受，标签清楚；含pending_source_confirmation标签，gold前需确认来源
multi_0319,yes,hypothermia,,,low_battery,,可接受，标签清楚
multi_0320,yes,hypothermia,,,low_battery,,可接受，标签清楚
multi_0321,yes,hypothermia,,,low_battery,,可接受，标签清楚
multi_0322,yes,hypothermia,,,low_battery,,可接受，标签清楚
multi_0323,yes,hypothermia,,,low_battery,,可接受，标签清楚
multi_0324,yes,hypothermia,,,low_battery,,可接受，标签清楚
multi_0325,yes,hypothermia,,,low_battery,,可接受，标签清楚
multi_0326,yes,hypothermia,,,low_battery,,可接受，标签清楚
multi_0327,yes,hypothermia,,,low_battery,,可接受，标签清楚
multi_0328,yes,psychological_distress,,,low_battery,,可接受，标签清楚
multi_0329,yes,psychological_distress,,,low_battery,,可接受，标签清楚
multi_0330,yes,psychological_distress,,,low_battery,,可接受，标签清楚
multi_0331,yes,psychological_distress,,,low_battery,,可接受，标签清楚
multi_0332,yes,psychological_distress,,,low_battery,,可接受，标签清楚
multi_0333,yes,psychological_distress,,,low_battery,,可接受，标签清楚
multi_0334,yes,psychological_distress,,,low_battery,,可接受，标签清楚
multi_0335,yes,psychological_distress,,,low_battery,,可接受，标签清楚
multi_0336,yes,psychological_distress,,,low_battery,,可接受，标签清楚
multi_0337,yes,trapped_or_entrapment,,,low_battery,,可接受，标签清楚；含pending_source_confirmation标签，gold前需确认来源
multi_0338,yes,trapped_or_entrapment,,,low_battery,,可接受，标签清楚；含pending_source_confirmation标签，gold前需确认来源
multi_0339,yes,trapped_or_entrapment,,,low_battery,,可接受，标签清楚；含pending_source_confirmation标签，gold前需确认来源
multi_0340,yes,trapped_or_entrapment,,,low_battery,,可接受，标签清楚；含pending_source_confirmation标签，gold前需确认来源
multi_0341,yes,trapped_or_entrapment,,,low_battery,,可接受，标签清楚；含pending_source_confirmation标签，gold前需确认来源
multi_0342,yes,trapped_or_entrapment,,,low_battery,,可接受，标签清楚；含pending_source_confirmation标签，gold前需确认来源
multi_0343,yes,trapped_or_entrapment,,,low_battery,,可接受，标签清楚；含pending_source_confirmation标签，gold前需确认来源
multi_0344,yes,trapped_or_entrapment,,,low_battery,,可接受，标签清楚；含pending_source_confirmation标签，gold前需确认来源
multi_0345,yes,trapped_or_entrapment,,,low_battery,,可接受，标签清楚；含pending_source_confirmation标签，gold前需确认来源
multi_0346,yes,trauma_or_fracture,psychological_distress,,,,可接受，标签清楚
multi_0347,yes,trauma_or_fracture,psychological_distress,,,,可接受，标签清楚
multi_0348,yes,trauma_or_fracture,psychological_distress,,,,可接受，标签清楚
multi_0349,yes,trauma_or_fracture,psychological_distress,,,,可接受，标签清楚
multi_0350,yes,trauma_or_fracture,psychological_distress,,,,可接受，标签清楚
multi_0351,yes,trauma_or_fracture,psychological_distress,,,,可接受，标签清楚
multi_0352,yes,trauma_or_fracture,psychological_distress,,,,可接受，标签清楚
multi_0353,yes,trauma_or_fracture,psychological_distress,,,,可接受，标签清楚
multi_0354,yes,trauma_or_fracture,psychological_distress,,,,可接受，标签清楚
multi_0355,yes,trapped_or_entrapment,trauma_or_fracture,,,,可接受，标签清楚；含pending_source_confirmation标签，gold前需确认来源
multi_0356,yes,trapped_or_entrapment,trauma_or_fracture,,,,可接受，标签清楚；含pending_source_confirmation标签，gold前需确认来源
multi_0357,yes,trapped_or_entrapment,trauma_or_fracture,,,,可接受，标签清楚；含pending_source_confirmation标签，gold前需确认来源
multi_0358,yes,trapped_or_entrapment,trauma_or_fracture,,,,可接受，标签清楚；含pending_source_confirmation标签，gold前需确认来源
multi_0359,yes,trapped_or_entrapment,trauma_or_fracture,,,,可接受，标签清楚；含pending_source_confirmation标签，gold前需确认来源
multi_0360,yes,trapped_or_entrapment,trauma_or_fracture,,,,可接受，标签清楚；含pending_source_confirmation标签，gold前需确认来源
multi_0361,yes,trapped_or_entrapment,trauma_or_fracture,,,,可接受，标签清楚；含pending_source_confirmation标签，gold前需确认来源
multi_0362,yes,trapped_or_entrapment,trauma_or_fracture,,,,可接受，标签清楚；含pending_source_confirmation标签，gold前需确认来源
multi_0363,yes,trapped_or_entrapment,trauma_or_fracture,,,,可接受，标签清楚；含pending_source_confirmation标签，gold前需确认来源
multi_0364,yes,aftershock_or_collapse_hazard,trauma_or_fracture,,,,可接受，标签清楚；含pending_source_confirmation标签，gold前需确认来源
multi_0365,yes,aftershock_or_collapse_hazard,trauma_or_fracture,,,,可接受，标签清楚；含pending_source_confirmation标签，gold前需确认来源
multi_0366,yes,aftershock_or_collapse_hazard,trauma_or_fracture,,,,可接受，标签清楚；含pending_source_confirmation标签，gold前需确认来源
multi_0367,yes,aftershock_or_collapse_hazard,trauma_or_fracture,,,,可接受，标签清楚；含pending_source_confirmation标签，gold前需确认来源
multi_0368,yes,aftershock_or_collapse_hazard,trauma_or_fracture,,,,可接受，标签清楚；含pending_source_confirmation标签，gold前需确认来源
multi_0369,yes,aftershock_or_collapse_hazard,trauma_or_fracture,,,,可接受，标签清楚；含pending_source_confirmation标签，gold前需确认来源
multi_0370,yes,aftershock_or_collapse_hazard,trauma_or_fracture,,,,可接受，标签清楚；含pending_source_confirmation标签，gold前需确认来源
multi_0371,yes,aftershock_or_collapse_hazard,trauma_or_fracture,,,,可接受，标签清楚；含pending_source_confirmation标签，gold前需确认来源
multi_0372,yes,aftershock_or_collapse_hazard,trauma_or_fracture,,,,可接受，标签清楚；含pending_source_confirmation标签，gold前需确认来源
multi_0373,yes,trauma_or_fracture,dehydration_or_resource_deprivation,,,,可接受，标签清楚；含pending_source_confirmation标签，gold前需确认来源
multi_0374,yes,trauma_or_fracture,dehydration_or_resource_deprivation,,,,可接受，标签清楚；含pending_source_confirmation标签，gold前需确认来源
multi_0375,yes,trauma_or_fracture,dehydration_or_resource_deprivation,,,,可接受，标签清楚；含pending_source_confirmation标签，gold前需确认来源
multi_0376,yes,trauma_or_fracture,dehydration_or_resource_deprivation,,,,可接受，标签清楚；含pending_source_confirmation标签，gold前需确认来源
multi_0377,yes,trauma_or_fracture,dehydration_or_resource_deprivation,,,,可接受，标签清楚；含pending_source_confirmation标签，gold前需确认来源
multi_0378,yes,trauma_or_fracture,dehydration_or_resource_deprivation,,,,可接受，标签清楚；含pending_source_confirmation标签，gold前需确认来源
multi_0379,yes,trauma_or_fracture,dehydration_or_resource_deprivation,,,,可接受，标签清楚；含pending_source_confirmation标签，gold前需确认来源
multi_0380,yes,trauma_or_fracture,dehydration_or_resource_deprivation,,,,可接受，标签清楚；含pending_source_confirmation标签，gold前需确认来源
multi_0381,yes,trauma_or_fracture,dehydration_or_resource_deprivation,,,,可接受，标签清楚；含pending_source_confirmation标签，gold前需确认来源
multi_0382,yes,respiratory_distress,severe_bleeding_or_shock,,,,可接受，标签清楚
multi_0383,yes,respiratory_distress,severe_bleeding_or_shock,,,,可接受，标签清楚
multi_0384,yes,respiratory_distress,severe_bleeding_or_shock,,,,可接受，标签清楚
multi_0385,yes,respiratory_distress,severe_bleeding_or_shock,,,,可接受，标签清楚
multi_0386,yes,respiratory_distress,severe_bleeding_or_shock,,,,可接受，标签清楚
multi_0387,yes,respiratory_distress,severe_bleeding_or_shock,,,,可接受，标签清楚
multi_0388,yes,respiratory_distress,severe_bleeding_or_shock,,,,可接受，标签清楚
multi_0389,yes,respiratory_distress,severe_bleeding_or_shock,,,,可接受，标签清楚
multi_0390,yes,respiratory_distress,severe_bleeding_or_shock,,,,可接受，标签清楚
multi_0391,yes,respiratory_distress,altered_consciousness_or_head_injury,,,,可接受，标签清楚
multi_0392,yes,respiratory_distress,altered_consciousness_or_head_injury,,,,可接受，标签清楚
multi_0393,yes,respiratory_distress,altered_consciousness_or_head_injury,,,,可接受，标签清楚
multi_0394,yes,respiratory_distress,altered_consciousness_or_head_injury,,,,可接受，标签清楚
multi_0395,yes,respiratory_distress,altered_consciousness_or_head_injury,,,,可接受，标签清楚
multi_0396,yes,respiratory_distress,altered_consciousness_or_head_injury,,,,可接受，标签清楚
multi_0397,yes,respiratory_distress,altered_consciousness_or_head_injury,,,,可接受，标签清楚
multi_0398,yes,respiratory_distress,altered_consciousness_or_head_injury,,,,可接受，标签清楚
multi_0399,yes,respiratory_distress,altered_consciousness_or_head_injury,,,,可接受，标签清楚
multi_0400,yes,respiratory_distress,hypothermia,,,,可接受，标签清楚
multi_0401,yes,respiratory_distress,hypothermia,,,,可接受，标签清楚
multi_0402,yes,respiratory_distress,hypothermia,,,,可接受，标签清楚
multi_0403,yes,respiratory_distress,hypothermia,,,,可接受，标签清楚
multi_0404,yes,respiratory_distress,hypothermia,,,,可接受，标签清楚
multi_0405,yes,respiratory_distress,hypothermia,,,,可接受，标签清楚
multi_0406,yes,respiratory_distress,hypothermia,,,,可接受，标签清楚
multi_0407,yes,respiratory_distress,hypothermia,,,,可接受，标签清楚
multi_0408,yes,respiratory_distress,hypothermia,,,,可接受，标签清楚
multi_0409,yes,respiratory_distress,trapped_or_entrapment,,,,可接受，标签清楚；含pending_source_confirmation标签，gold前需确认来源
multi_0410,yes,respiratory_distress,trapped_or_entrapment,,,,可接受，标签清楚；含pending_source_confirmation标签，gold前需确认来源
multi_0411,yes,respiratory_distress,trapped_or_entrapment,,,,可接受，标签清楚；含pending_source_confirmation标签，gold前需确认来源
multi_0412,yes,respiratory_distress,trapped_or_entrapment,,,,可接受，标签清楚；含pending_source_confirmation标签，gold前需确认来源
multi_0413,yes,respiratory_distress,trapped_or_entrapment,,,,可接受，标签清楚；含pending_source_confirmation标签，gold前需确认来源
multi_0414,yes,respiratory_distress,trapped_or_entrapment,,,,可接受，标签清楚；含pending_source_confirmation标签，gold前需确认来源
multi_0415,yes,respiratory_distress,trapped_or_entrapment,,,,可接受，标签清楚；含pending_source_confirmation标签，gold前需确认来源
multi_0416,yes,respiratory_distress,trapped_or_entrapment,,,,可接受，标签清楚；含pending_source_confirmation标签，gold前需确认来源
multi_0417,yes,respiratory_distress,trapped_or_entrapment,,,,可接受，标签清楚；含pending_source_confirmation标签，gold前需确认来源
multi_0418,yes,respiratory_distress,,,,,可接受，标签清楚
multi_0419,yes,respiratory_distress,,,,,可接受，标签清楚
multi_0420,yes,respiratory_distress,,,,,可接受，标签清楚
multi_0421,yes,severe_bleeding_or_shock,,,,,可接受，标签清楚
multi_0422,yes,severe_bleeding_or_shock,,,,,可接受，标签清楚
multi_0423,yes,severe_bleeding_or_shock,,,,,可接受，标签清楚
clean_0001,yes,respiratory_distress,,,,,可接受，标签清楚
clean_0002,yes,respiratory_distress,,,,,可接受，标签清楚
clean_0003,yes,respiratory_distress,,,,,可接受，标签清楚
clean_0004,yes,respiratory_distress,,,,,可接受，标签清楚
clean_0005,yes,respiratory_distress,,,,,可接受，标签清楚
clean_0006,yes,respiratory_distress,,,,,可接受，标签清楚
clean_0007,yes,respiratory_distress,,,,,可接受，标签清楚
clean_0008,yes,respiratory_distress,,,,,可接受，标签清楚
clean_0009,yes,respiratory_distress,,,,,可接受，标签清楚
clean_0010,yes,respiratory_distress,,,,,可接受，标签清楚
clean_0011,yes,respiratory_distress,,,,,可接受，标签清楚
clean_0012,yes,respiratory_distress,,,,,可接受，标签清楚
clean_0013,yes,respiratory_distress,,,,,可接受，标签清楚
clean_0014,yes,severe_bleeding_or_shock,,,,,可接受，标签清楚
clean_0015,yes,severe_bleeding_or_shock,,,,,可接受，标签清楚
clean_0016,yes,severe_bleeding_or_shock,,,,,可接受，标签清楚
clean_0017,yes,severe_bleeding_or_shock,,,,,可接受，标签清楚
clean_0018,yes,severe_bleeding_or_shock,,,,,可接受，标签清楚
clean_0019,yes,severe_bleeding_or_shock,,,,,可接受，标签清楚
clean_0020,yes,severe_bleeding_or_shock,,,,,可接受，标签清楚
clean_0021,yes,severe_bleeding_or_shock,,,,,可接受，标签清楚
clean_0022,yes,severe_bleeding_or_shock,,,,,可接受，标签清楚
clean_0023,yes,severe_bleeding_or_shock,,,,,可接受，标签清楚
clean_0024,yes,severe_bleeding_or_shock,,,,,可接受，标签清楚
clean_0025,yes,severe_bleeding_or_shock,,,,,可接受，标签清楚
clean_0026,yes,severe_bleeding_or_shock,,,,,可接受，标签清楚
clean_0027,yes,trauma_or_fracture,,,,,可接受，标签清楚
clean_0028,yes,trauma_or_fracture,,,,,可接受，标签清楚
clean_0029,yes,trauma_or_fracture,,,,,可接受，标签清楚
clean_0030,yes,trauma_or_fracture,,,,,可接受，标签清楚
clean_0031,yes,trauma_or_fracture,,,,,可接受，标签清楚
clean_0032,yes,trauma_or_fracture,,,,,可接受，标签清楚
clean_0033,yes,trauma_or_fracture,,,,,可接受，标签清楚
clean_0034,yes,trauma_or_fracture,,,,,可接受，标签清楚
clean_0035,yes,trauma_or_fracture,,,,,可接受，标签清楚
clean_0036,yes,trauma_or_fracture,,,,,可接受，标签清楚
clean_0037,yes,trauma_or_fracture,,,,,可接受，标签清楚
clean_0038,yes,trauma_or_fracture,,,,,可接受，标签清楚
clean_0039,yes,trauma_or_fracture,,,,,可接受，标签清楚
clean_0040,yes,trauma_or_fracture,,,,,可接受，标签清楚
clean_0041,yes,trauma_or_fracture,,,,,可接受，标签清楚
clean_0042,yes,trauma_or_fracture,,,,,可接受，标签清楚
clean_0043,yes,trauma_or_fracture,,,,,可接受，标签清楚
clean_0044,yes,trauma_or_fracture,,,,,可接受，标签清楚
clean_0045,yes,trauma_or_fracture,,,,,可接受，标签清楚
clean_0046,yes,trauma_or_fracture,,,,,可接受，标签清楚
clean_0047,yes,trauma_or_fracture,,,,,可接受，标签清楚
clean_0048,yes,trauma_or_fracture,,,,,可接受，标签清楚
clean_0049,yes,trauma_or_fracture,,,,,可接受，标签清楚
clean_0050,yes,trauma_or_fracture,,,,,可接受，标签清楚
clean_0051,yes,trauma_or_fracture,,,,,可接受，标签清楚
clean_0052,yes,trauma_or_fracture,,,,,可接受，标签清楚
clean_0053,yes,trauma_or_fracture,,,,,可接受，标签清楚
clean_0054,yes,trauma_or_fracture,,,,,可接受，标签清楚
clean_0055,yes,trauma_or_fracture,,,,,可接受，标签清楚
clean_0056,yes,trauma_or_fracture,,,,,可接受，标签清楚
clean_0057,yes,trauma_or_fracture,,,,,可接受，标签清楚
clean_0058,yes,trauma_or_fracture,,,,,可接受，标签清楚
clean_0059,yes,trauma_or_fracture,,,,,可接受，标签清楚
clean_0060,yes,trauma_or_fracture,,,,,可接受，标签清楚
clean_0061,yes,trauma_or_fracture,,,,,可接受，标签清楚
clean_0062,yes,trauma_or_fracture,,,,,可接受，标签清楚
clean_0063,yes,trauma_or_fracture,,,,,可接受，标签清楚
clean_0064,yes,trauma_or_fracture,,,,,可接受，标签清楚
clean_0065,yes,trauma_or_fracture,,,,,可接受，标签清楚
clean_0066,yes,trauma_or_fracture,,,,,可接受，标签清楚
clean_0067,yes,crush_injury,,,,,可接受，标签清楚；含pending_source_confirmation标签，gold前需确认来源
clean_0068,yes,crush_injury,,,,,可接受，标签清楚；含pending_source_confirmation标签，gold前需确认来源
clean_0069,yes,crush_injury,,,,,可接受，标签清楚；含pending_source_confirmation标签，gold前需确认来源
clean_0070,yes,crush_injury,,,,,可接受，标签清楚；含pending_source_confirmation标签，gold前需确认来源
clean_0071,yes,crush_injury,,,,,可接受，标签清楚；含pending_source_confirmation标签，gold前需确认来源
clean_0072,yes,crush_injury,,,,,可接受，标签清楚；含pending_source_confirmation标签，gold前需确认来源
clean_0073,yes,crush_injury,,,,,可接受，标签清楚；含pending_source_confirmation标签，gold前需确认来源
clean_0074,yes,altered_consciousness_or_head_injury,,,,,可接受，标签清楚
clean_0075,yes,altered_consciousness_or_head_injury,,,,,可接受，标签清楚
clean_0076,yes,altered_consciousness_or_head_injury,,,,,可接受，标签清楚
clean_0077,yes,altered_consciousness_or_head_injury,,,,,可接受，标签清楚
clean_0078,yes,altered_consciousness_or_head_injury,,,,,可接受，标签清楚
clean_0079,yes,altered_consciousness_or_head_injury,,,,,可接受，标签清楚
clean_0080,yes,altered_consciousness_or_head_injury,,,,,可接受，标签清楚
clean_0081,yes,altered_consciousness_or_head_injury,,,,,可接受，标签清楚
clean_0082,yes,altered_consciousness_or_head_injury,,,,,可接受，标签清楚
clean_0083,yes,altered_consciousness_or_head_injury,,,,,可接受，标签清楚
clean_0084,yes,altered_consciousness_or_head_injury,,,,,可接受，标签清楚
clean_0085,yes,altered_consciousness_or_head_injury,,,,,可接受，标签清楚
clean_0086,yes,altered_consciousness_or_head_injury,,,,,可接受，标签清楚
clean_0087,yes,hypothermia,,,,,可接受，标签清楚
clean_0088,yes,hypothermia,,,,,可接受，标签清楚
clean_0089,yes,hypothermia,,,,,可接受，标签清楚
clean_0090,yes,hypothermia,,,,,可接受，标签清楚
clean_0091,yes,hypothermia,,,,,可接受，标签清楚
clean_0092,yes,hypothermia,,,,,可接受，标签清楚
clean_0093,yes,hypothermia,,,,,可接受，标签清楚
clean_0094,yes,hypothermia,,,,,可接受，标签清楚
clean_0095,yes,hypothermia,,,,,可接受，标签清楚
clean_0096,yes,hypothermia,,,,,可接受，标签清楚
clean_0097,yes,hypothermia,,,,,可接受，标签清楚
clean_0098,yes,hypothermia,,,,,可接受，标签清楚
clean_0099,yes,hypothermia,,,,,可接受，标签清楚
clean_0100,yes,psychological_distress,,,,,可接受，标签清楚
clean_0101,yes,psychological_distress,,,,,可接受，标签清楚
clean_0102,yes,psychological_distress,,,,,可接受，标签清楚
clean_0103,yes,psychological_distress,,,,,可接受，标签清楚
clean_0104,yes,psychological_distress,,,,,可接受，标签清楚
clean_0105,yes,psychological_distress,,,,,可接受，标签清楚
clean_0106,yes,psychological_distress,,,,,可接受，标签清楚
clean_0107,yes,psychological_distress,,,,,可接受，标签清楚
clean_0108,yes,trapped_or_entrapment,,,,,可接受，标签清楚；含pending_source_confirmation标签，gold前需确认来源
clean_0109,yes,trapped_or_entrapment,,,,,可接受，标签清楚；含pending_source_confirmation标签，gold前需确认来源
clean_0110,yes,trapped_or_entrapment,,,,,可接受，标签清楚；含pending_source_confirmation标签，gold前需确认来源
clean_0111,yes,trapped_or_entrapment,,,,,可接受，标签清楚；含pending_source_confirmation标签，gold前需确认来源
clean_0112,yes,trapped_or_entrapment,,,,,可接受，标签清楚；含pending_source_confirmation标签，gold前需确认来源
clean_0113,yes,trapped_or_entrapment,,,,,可接受，标签清楚；含pending_source_confirmation标签，gold前需确认来源
clean_0114,yes,trapped_or_entrapment,,,,,可接受，标签清楚；含pending_source_confirmation标签，gold前需确认来源
clean_0115,yes,trapped_or_entrapment,,,,,可接受，标签清楚；含pending_source_confirmation标签，gold前需确认来源
clean_0116,yes,trapped_or_entrapment,,,,,可接受，标签清楚；含pending_source_confirmation标签，gold前需确认来源
clean_0117,yes,trapped_or_entrapment,,,,,可接受，标签清楚；含pending_source_confirmation标签，gold前需确认来源
clean_0118,yes,trapped_or_entrapment,,,,,可接受，标签清楚；含pending_source_confirmation标签，gold前需确认来源
clean_0119,yes,trapped_or_entrapment,,,,,可接受，标签清楚；含pending_source_confirmation标签，gold前需确认来源
clean_0120,yes,trapped_or_entrapment,,,,,可接受，标签清楚；含pending_source_confirmation标签，gold前需确认来源
clean_0121,yes,trapped_or_entrapment,,,,,可接受，标签清楚；含pending_source_confirmation标签，gold前需确认来源
clean_0122,yes,trapped_or_entrapment,,,,,可接受，标签清楚；含pending_source_confirmation标签，gold前需确认来源
clean_0123,yes,trapped_or_entrapment,,,,,可接受，标签清楚；含pending_source_confirmation标签，gold前需确认来源
clean_0124,yes,aftershock_or_collapse_hazard,,,,,可接受，标签清楚；含pending_source_confirmation标签，gold前需确认来源
clean_0125,yes,aftershock_or_collapse_hazard,,,,,可接受，标签清楚；含pending_source_confirmation标签，gold前需确认来源
clean_0126,yes,aftershock_or_collapse_hazard,,,,,可接受，标签清楚；含pending_source_confirmation标签，gold前需确认来源
clean_0127,yes,aftershock_or_collapse_hazard,,,,,可接受，标签清楚；含pending_source_confirmation标签，gold前需确认来源
clean_0128,yes,aftershock_or_collapse_hazard,,,,,可接受，标签清楚；含pending_source_confirmation标签，gold前需确认来源
clean_0129,yes,aftershock_or_collapse_hazard,,,,,可接受，标签清楚；含pending_source_confirmation标签，gold前需确认来源
clean_0130,yes,aftershock_or_collapse_hazard,,,,,可接受，标签清楚；含pending_source_confirmation标签，gold前需确认来源
clean_0131,yes,trapped_or_entrapment,dehydration_or_resource_deprivation,,,,"accept; clean trapped-resource case uses trapped primary with resource deprivation secondary, aligned with multi-intent codebook"
clean_0132,yes,dehydration_or_resource_deprivation,,,,,可接受，标签清楚；含pending_source_confirmation标签，gold前需确认来源
clean_0133,yes,dehydration_or_resource_deprivation,,,,,可接受，标签清楚；含pending_source_confirmation标签，gold前需确认来源
clean_0134,yes,dehydration_or_resource_deprivation,,,,,可接受，标签清楚；含pending_source_confirmation标签，gold前需确认来源
clean_0135,yes,trapped_or_entrapment,dehydration_or_resource_deprivation,,,,"accept; clean trapped-resource case uses trapped primary with resource deprivation secondary, aligned with multi-intent codebook"
clean_0136,yes,trapped_or_entrapment,dehydration_or_resource_deprivation,,,,"accept; clean trapped-resource case uses trapped primary with resource deprivation secondary, aligned with multi-intent codebook"
clean_0137,yes,trapped_or_entrapment,dehydration_or_resource_deprivation,,,,"accept; clean trapped-resource case uses trapped primary with resource deprivation secondary, aligned with multi-intent codebook"
clean_0138,yes,trapped_or_entrapment,dehydration_or_resource_deprivation,,,,"accept; clean trapped-resource case uses trapped primary with resource deprivation secondary, aligned with multi-intent codebook"
clean_0139,yes,low_battery,,,low_battery,,可接受，标签清楚
clean_0140,yes,low_battery,,,low_battery,,可接受，标签清楚
clean_0141,yes,low_battery,,,low_battery,,可接受，标签清楚
clean_0142,yes,low_battery,,,low_battery,,可接受，标签清楚
boundary_0001,yes,out_of_scope,,,,,可接受，标签清楚
boundary_0002,yes,out_of_scope,,,,,可接受，标签清楚
boundary_0003,yes,out_of_scope,,,,,可接受，标签清楚
boundary_0004,yes,out_of_scope,,,,,可接受，标签清楚
