id,raw_input,canonical_input,perturbation_types,risk_mentions,positive_risks,negated_risks,operational_constraints,primary_intent,secondary_intents,expected_route,expected_protocol_id,should_not_trigger,risk_level,guideline_refs,human_accept,human_notes,annotator_primary_intent,annotator_negated_risks,annotator_secondary_intents
neg_0057,我胸口疼，不过没有喘不上气,我胸口疼，不过没有喘不上气,negation_conflict,,trauma_or_fracture,respiratory_distress,,trauma_or_fracture,,route_trauma_or_fracture,prot_injury_fracture,prot_respiratory_distress,medium,,rewrite,胸口不适单独标trauma_or_fracture偏弱，建议改成明确受伤机制；rewrite_raw_input: 我胸口被撞得有点疼，不过没有喘不上气,trauma_or_fracture,respiratory_distress,
neg_0058,我胸口疼，不过没有呼吸困难,我胸口疼，不过没有呼吸困难,negation_conflict,,trauma_or_fracture,respiratory_distress,,trauma_or_fracture,,route_trauma_or_fracture,prot_injury_fracture,prot_respiratory_distress,medium,,rewrite,胸口不适单独标trauma_or_fracture偏弱，建议改成明确受伤机制；rewrite_raw_input: 我胸口被撞得有点疼，不过没有呼吸困难,trauma_or_fracture,respiratory_distress,
neg_0059,我胸口疼，不过没有窒息感,我胸口疼，不过没有窒息感,negation_conflict,,trauma_or_fracture,respiratory_distress,,trauma_or_fracture,,route_trauma_or_fracture,prot_injury_fracture,prot_respiratory_distress,medium,,rewrite,胸口不适单独标trauma_or_fracture偏弱，建议改成明确受伤机制；rewrite_raw_input: 我胸口被撞得有点疼，不过没有窒息感,trauma_or_fracture,respiratory_distress,
neg_0060,我胸口有点闷，不过没有喘不上气,我胸口有点闷，不过没有喘不上气,negation_conflict,,trauma_or_fracture,respiratory_distress,,trauma_or_fracture,,route_trauma_or_fracture,prot_injury_fracture,prot_respiratory_distress,medium,,rewrite,胸口不适单独标trauma_or_fracture偏弱，建议改成明确受伤机制；rewrite_raw_input: 我胸口被撞得有点疼，不过没有喘不上气,trauma_or_fracture,respiratory_distress,
neg_0061,我胸口有点闷，不过没有呼吸困难,我胸口有点闷，不过没有呼吸困难,negation_conflict,,trauma_or_fracture,respiratory_distress,,trauma_or_fracture,,route_trauma_or_fracture,prot_injury_fracture,prot_respiratory_distress,medium,,rewrite,胸口不适单独标trauma_or_fracture偏弱，建议改成明确受伤机制；rewrite_raw_input: 我胸口被撞得有点疼，不过没有呼吸困难,trauma_or_fracture,respiratory_distress,
neg_0062,我胸口有点闷，不过没有窒息感,我胸口有点闷，不过没有窒息感,negation_conflict,,trauma_or_fracture,respiratory_distress,,trauma_or_fracture,,route_trauma_or_fracture,prot_injury_fracture,prot_respiratory_distress,medium,,rewrite,胸口不适单独标trauma_or_fracture偏弱，建议改成明确受伤机制；rewrite_raw_input: 我胸口被撞得有点疼，不过没有窒息感,trauma_or_fracture,respiratory_distress,
neg_0063,我胸口不舒服，不过没有喘不上气,我胸口不舒服，不过没有喘不上气,negation_conflict,,trauma_or_fracture,respiratory_distress,,trauma_or_fracture,,route_trauma_or_fracture,prot_injury_fracture,prot_respiratory_distress,medium,,rewrite,胸口不适单独标trauma_or_fracture偏弱，建议改成明确受伤机制；rewrite_raw_input: 我胸口被撞得有点疼，不过没有喘不上气,trauma_or_fracture,respiratory_distress,
neg_0064,我胸口不舒服，不过没有呼吸困难,我胸口不舒服，不过没有呼吸困难,negation_conflict,,trauma_or_fracture,respiratory_distress,,trauma_or_fracture,,route_trauma_or_fracture,prot_injury_fracture,prot_respiratory_distress,medium,,rewrite,胸口不适单独标trauma_or_fracture偏弱，建议改成明确受伤机制；rewrite_raw_input: 我胸口被撞得有点疼，不过没有呼吸困难,trauma_or_fracture,respiratory_distress,
neg_0065,我胸口不舒服，不过没有窒息感,我胸口不舒服，不过没有窒息感,negation_conflict,,trauma_or_fracture,respiratory_distress,,trauma_or_fracture,,route_trauma_or_fracture,prot_injury_fracture,prot_respiratory_distress,medium,,rewrite,胸口不适单独标trauma_or_fracture偏弱，建议改成明确受伤机制；rewrite_raw_input: 我胸口被撞得有点疼，不过没有窒息感,trauma_or_fracture,respiratory_distress,
